time,voltage,current,temperature,SoC,cycle_count,anomaly
2025-01-01 00:00:00,48.49671415301123,12.798710873172004,27.974465175076855,60.921924421226095,762,0
2025-01-01 01:00:00,47.86173569882882,11.849267365825538,29.566443987853447,71.39614989220499,465,0
2025-01-01 02:00:00,48.647688538100695,10.119260739840348,27.622740237000116,75.86394466578356,319,0
2025-01-01 03:00:00,44.12453250610246,8.706126444588852,42.51184927882897,98.8768765734019,911,1
2025-01-01 04:00:00,47.765846625276666,11.39644662722718,24.319155999138644,85.56553124533758,447,0
2025-01-01 05:00:00,47.76586304305082,10.7869707708435,30.639881122118815,66.64518430900108,269,0
2025-01-01 06:00:00,49.57921281550739,11.790386440055464,30.003616426086673,84.86036289417638,256,0
2025-01-01 07:00:00,48.76743472915291,11.270343603363939,27.54873410679543,64.52696011061634,581,0
2025-01-01 08:00:00,47.53052561406505,12.09910543063867,31.977737005297215,90.82691053887073,238,0
2025-01-01 09:00:00,48.542560043585965,8.929529576878863,32.812710412879674,75.28875348182122,642,0
2025-01-01 10:00:00,47.53658230718754,12.634788131268651,25.177320406893077,79.06363811260829,217,0
2025-01-01 11:00:00,47.53427024642974,10.3951992093848,27.711825664301358,93.2579664754219,931,0
2025-01-01 12:00:00,48.24196227156603,14.150521745250531,27.692572950638105,67.1283643141575,955,0
2025-01-01 13:00:00,46.0867197553422,8.621624363820864,27.180290696673406,66.02881814887009,551,0
2025-01-01 14:00:00,46.275082167486964,13.4719276063305,32.488424525795246,74.16400673653995,497,0
2025-01-01 15:00:00,47.437712470759024,10.395821566925296,29.41852158368159,90.38378851019317,482,0
2025-01-01 16:00:00,46.987168879665575,8.697163992771102,29.206455476068168,64.80653924523158,785,0
2025-01-01 17:00:00,48.31424733259527,9.032228331891357,23.98841290677974,51.67844401889431,309,0
2025-01-01 18:00:00,47.09197592447879,9.35930538361136,31.90625409062768,75.48841141591001,379,0
2025-01-01 19:00:00,46.58769629866471,10.848331892803833,26.282224815439584,85.51740799910921,743,0
2025-01-01 20:00:00,49.465648768921554,11.045670976071,30.179797890798984,92.00261749738829,945,0
2025-01-01 21:00:00,47.77422369951346,8.852599992122842,30.832130813874574,75.36838637914602,993,0
2025-01-01 22:00:00,48.067528204687925,9.951290815478034,34.08197578751595,75.88573392883998,224,0
2025-01-01 23:00:00,46.575251813786544,14.284540717223727,26.073538802642663,91.53900734255747,990,0
2025-01-02 00:00:00,47.455617275474815,13.455086340201422,20.941463532537526,61.3025830030458,937,0
2025-01-02 01:00:00,48.110922589709865,10.872647339348065,30.551548634261085,76.1147922481699,256,0
2025-01-02 02:00:00,46.849006422577695,10.0760069563364,35.40153354453256,81.90423889925057,379,0
2025-01-02 03:00:00,48.37569801834567,10.240062653436523,33.71683905881831,84.49218721285034,431,0
2025-01-02 04:00:00,47.3993613100812,11.227035945460834,30.628978245823877,74.90193306809117,542,0
2025-01-02 05:00:00,47.708306250206725,7.954414869603189,28.525091443103857,80.34441011705842,676,0
2025-01-02 06:00:00,47.3982933877706,9.48524692515331,32.42136778991193,55.1167264658701,998,0
2025-01-02 07:00:00,49.85227818450894,6.662831852244821,27.079361400886594,73.41751587666151,775,0
2025-01-02 08:00:00,47.98650277526207,10.798446245210558,31.42907330806866,84.53508712554468,654,0
2025-01-02 09:00:00,46.9422890710441,11.294391879405483,31.516410477499882,70.1770596574532,431,0
2025-01-02 10:00:00,48.82254491210319,9.033627075401252,33.18062972249664,80.58984221589597,488,0
2025-01-02 11:00:00,46.77915635002898,13.147973526580065,38.27898011673324,84.46872500802698,412,0
2025-01-02 12:00:00,48.20886359500476,7.548468673995318,31.1772479015363,76.57450799142235,457,0
2025-01-02 13:00:00,46.040329876120225,7.07125023958036,28.473109122877503,81.70463770996571,729,0
2025-01-02 14:00:00,46.67181395110157,10.448903637119944,29.923277063424017,70.37267434715388,886,0
2025-01-02 15:00:00,48.19686123586912,12.094196605224308,24.692772285332644,77.93388720303953,428,0
2025-01-02 16:00:00,48.73846657999541,13.367855382915737,27.915860606732824,86.10216169589222,425,0
2025-01-02 17:00:00,48.17136828118997,9.08223147426212,28.77215268566069,81.56972960968434,795,0
2025-01-02 18:00:00,47.88435171761176,12.157361666862592,28.427734806196224,74.13468730436064,634,0
2025-01-02 19:00:00,47.69889630441071,9.922983060998586,30.457064616101167,82.24216404290793,957,0
2025-01-02 20:00:00,46.521478009632574,9.65474540011836,27.532740202853397,87.14609790636618,601,0
2025-01-02 21:00:00,47.28015579160529,11.767319874973344,33.36309200197341,59.50058721422522,821,0
2025-01-02 22:00:00,47.53936122904021,11.30464575682684,30.00062119475459,91.59074064955898,965,0
2025-01-02 23:00:00,49.057122226218915,6.847215686031501,29.972099036584158,76.63745261318928,287,0
2025-01-03 00:00:00,48.34361828956846,12.953080699451792,29.016315850461247,84.2548993324023,783,0
2025-01-03 01:00:00,46.23695984463727,12.760182708294902,30.465572051576938,91.97246923645228,741,0
2025-01-03 02:00:00,48.32408396939479,8.748874596980942,32.475294794002906,66.28326302769534,883,0
2025-01-03 03:00:00,47.61491771958369,10.791607066874818,27.3986093528673,72.90558997572454,508,0
2025-01-03 04:00:00,47.32307799969404,10.988060372565478,28.02565053277423,77.11451304124296,542,0
2025-01-03 05:00:00,48.61167628884087,10.521347531647814,29.088821913670007,72.16246478875571,635,0
2025-01-03 06:00:00,49.030999522495954,8.89938969230916,25.962387229580354,97.34936575836808,376,0
2025-01-03 07:00:00,48.931280119116195,8.656753264123896,27.542226420835508,71.43227906173207,338,0
2025-01-03 08:00:00,47.160782476777364,9.94889185801711,28.57133737936602,74.44453220513134,393,0
2025-01-03 09:00:00,47.69078762414878,12.345458038518728,32.623167542138184,82.04389031602977,385,0
2025-01-03 10:00:00,48.33126343140356,11.087200309188864,30.787683987005774,67.97850473923911,417,0
2025-01-03 11:00:00,48.97554512712236,9.258771335827788,30.580769734102635,76.04319288243737,363,0
2025-01-03 12:00:00,41.10982055483109,11.543397421296689,44.59288679685745,83.17453261250175,360,1
2025-01-03 13:00:00,47.81434102333618,4.302914758739849,29.58788463480181,76.67139595617489,724,0
2025-01-03 14:00:00,46.89366502599397,12.297531400744207,31.17139454978667,79.06613141100051,800,0
2025-01-03 15:00:00,46.80379337591933,6.5205724424438,29.690334741202513,74.70667887551629,241,0
2025-01-03 16:00:00,48.8125258223942,9.275118117193736,30.796087048198885,64.85529690819233,409,0
2025-01-03 17:00:00,49.356240028570824,7.760660210747712,28.251724027165253,83.21593211339238,940,0
2025-01-03 18:00:00,47.927989878419666,7.410637048558188,22.683548525170714,97.54933071647241,474,0
2025-01-03 19:00:00,49.00353289789202,12.32165357475704,29.597162513441088,80.18401630783438,478,0
2025-01-03 20:00:00,48.36163602504764,9.064597597376217,34.26824440829982,82.25264117247549,450,0
2025-01-03 21:00:00,47.354880245394874,10.69300776346143,32.77864620672478,86.9272275511686,509,0
2025-01-03 22:00:00,48.36139560550841,9.906158842241632,32.89619245377351,67.306695034533,919,0
2025-01-03 23:00:00,49.53803656646597,10.954081654446243,33.70839216541865,97.02514658129606,339,0
2025-01-04 00:00:00,47.96417396089005,10.153643782120511,30.26597277288431,82.02328796422802,991,0
2025-01-04 01:00:00,49.56464365581401,7.434015551622861,30.591947122216787,96.3185689908911,745,0
2025-01-04 02:00:00,45.380254895910255,11.99253363889428,28.14704431369695,72.66967004476011,729,0
2025-01-04 03:00:00,48.821902504375224,9.012486833677375,29.05178143191885,98.18061922557825,256,0
2025-01-04 04:00:00,48.08704706823817,6.886836202680498,31.847313449313425,87.75155494034783,311,0
2025-01-04 05:00:00,47.70099264953413,9.143769678068175,33.61165331150645,85.53040085852358,204,0
2025-01-04 06:00:00,48.0917607765355,13.00151958126862,29.581661172957002,82.34024454353148,609,0
2025-01-04 07:00:00,46.01243108539911,11.700443484226986,28.649432205445766,77.5147138192555,613,0
2025-01-04 08:00:00,47.780328112162486,9.302695731184281,30.001583876569793,92.00531658473872,381,0
2025-01-04 09:00:00,48.35711257151175,9.301484591363142,31.803620246787343,81.40359869848047,212,0
2025-01-04 10:00:00,49.47789404474152,9.356729897565234,25.668435551599373,60.32930296412847,538,0
2025-01-04 11:00:00,47.48172978172635,14.153495967121682,23.111457140588286,68.82813538292997,996,0
2025-01-04 12:00:00,47.191506397106814,10.763870904463106,28.34838945152525,78.14154247807252,458,0
2025-01-04 13:00:00,47.49824295641546,10.86008329438214,26.337862722257526,83.09998983165555,289,0
2025-01-04 14:00:00,48.91540211770207,12.060566908063684,28.475579407058067,79.43411511100105,815,0
2025-01-04 15:00:00,43.59998725099257,10.477578318053027,45.228668443542176,92.18970789793663,897,1
2025-01-04 16:00:00,47.47023979623296,9.481915708358594,28.64025477293096,60.48898135961375,449,0
2025-01-04 17:00:00,48.513267433113356,9.607300301830044,34.35740260341224,81.4358793650516,454,0
2025-01-04 18:00:00,48.09707754934804,9.856797481171872,30.98023429380696,61.82020774612845,787,0
2025-01-04 19:00:00,48.96864499053289,9.925555526980316,30.901423078832487,87.59712295484168,307,0
2025-01-04 20:00:00,47.29794690612265,11.45525908727396,31.866621432130206,79.05541285557997,867,0
2025-01-04 21:00:00,47.67233785340223,10.103891771614599,26.583500646657694,84.19609972024118,793,0
2025-01-04 22:00:00,47.607891846867844,11.46528015443116,33.1173353622608,71.36117039410234,788,0
2025-01-04 23:00:00,46.536485051867885,9.838566839782835,29.77270714039362,92.7946493165775,684,0
2025-01-05 00:00:00,48.296120277064574,10.15727038063218,32.01144185172364,90.41724664058852,457,0
2025-01-05 01:00:00,48.26105527217989,6.003598630935785,26.784428300879533,85.83544303011888,838,0
2025-01-05 02:00:00,48.00511345664246,11.832655349404963,25.338723701951807,78.7048275313656,481,0
2025-01-05 03:00:00,47.76541286662485,10.692976951795986,32.453668974075086,85.79857285295132,287,0
2025-01-05 04:00:00,46.58462925794959,11.996020219719304,31.12922857829255,72.93107432012651,403,0
2025-01-05 05:00:00,47.57935467723464,4.207489243612621,27.29384533692747,88.55555659020712,215,0
2025-01-05 06:00:00,47.65728548347323,14.176749409561456,27.391010756175916,96.4948089432392,350,0
2025-01-05 07:00:00,47.19772273077838,9.720820743689652,33.37630435324431,90.70610559979187,453,0
2025-01-05 08:00:00,47.83871428833399,12.216365633475032,26.431764321398017,72.70397530192591,387,0
2025-01-05 09:00:00,48.404050856814536,7.920188145748938,34.92801885976789,83.61417317273103,528,0
2025-01-05 10:00:00,49.88618590121053,11.22554781012514,27.298137796056395,67.06858456241352,743,0
2025-01-05 11:00:00,48.17457781283184,7.893168873652687,31.915175776825148,85.72390311175675,982,0
2025-01-05 12:00:00,48.25755039072276,8.75246207860839,29.014144572753047,84.50603412862539,596,0
2025-01-05 13:00:00,47.92555408423383,13.828062707733572,31.80956229324703,61.30183660467836,716,0
2025-01-05 14:00:00,46.08122878470096,9.618635198473307,28.36765799365742,68.38216156087637,658,0
2025-01-05 15:00:00,47.97348612455078,10.434865746359446,29.511621281783118,77.16861103256232,529,0
2025-01-05 16:00:00,48.060230209941025,11.740135461377509,30.122757526187165,76.99140252859173,368,0
2025-01-05 17:00:00,50.46324211248529,10.99136377594521,26.99343763265558,67.90523064581194,892,0
2025-01-05 18:00:00,47.80763903521888,10.300837810287153,32.222473036260375,83.88978729352183,565,0
2025-01-05 19:00:00,48.30154734233361,10.729922004932451,28.460359300585246,82.51473608940512,377,0
2025-01-05 20:00:00,47.96528823029475,14.80683117047655,29.314200253979944,78.0573086802148,854,0
2025-01-05 21:00:00,46.83132196238047,9.884762405932829,27.016951876174463,72.44208499841638,561,0
2025-01-05 22:00:00,49.14282281451502,10.402198093429934,22.31299902361407,90.48707126416564,959,0
2025-01-05 23:00:00,48.75193303268677,12.101308792015224,29.426916712199493,96.55407113088296,838,0
2025-01-06 00:00:00,48.791031947043045,12.211051865915968,37.23784626483875,75.16438516153463,974,0
2025-01-06 01:00:00,47.09061254520526,12.374060611120761,32.353812863694074,73.8783308284518,239,0
2025-01-06 02:00:00,49.4027943109361,11.27746044405837,29.942218860796817,84.91207665411996,615,0
2025-01-06 03:00:00,41.42755014274486,7.713990174539033,46.190782370210144,76.41970620253014,554,1
2025-01-06 04:00:00,48.58685709380027,13.266863064602191,30.06739767843614,78.60602799336766,454,0
2025-01-06 05:00:00,50.19045562580998,7.707309213962624,31.64135734552563,87.39653151724671,342,0
2025-01-06 06:00:00,47.00946367486931,10.605270930478067,26.457561554073465,60.906439124927076,951,0
2025-01-06 07:00:00,47.43370227039723,8.491448299961284,33.342965084006615,93.1830232485267,939,0
2025-01-06 08:00:00,48.09965136508764,9.871723306814015,32.14614394632373,80.72680524329341,909,0
2025-01-06 09:00:00,47.4965243458838,10.65752482060696,32.154557177123806,75.8850685543782,776,0
2025-01-06 10:00:00,46.449336568933866,10.642714430900547,31.315427216429182,79.1076584577855,210,0
2025-01-06 11:00:00,48.06856297480603,10.84384150847057,30.05884997308197,79.62429355020518,819,0
2025-01-06 12:00:00,46.9376962862739,13.227422538117294,32.01858370790046,62.68798696555075,225,0
2025-01-06 13:00:00,48.47359243063518,10.907068603027959,31.775442401224133,94.94938227453235,620,0
2025-01-06 14:00:00,47.0805757657662,9.511686729418702,28.93787786717693,80.41325632270619,862,0
2025-01-06 15:00:00,49.54993440501754,11.928174336576715,28.279194681309296,84.43002130447375,420,0
2025-01-06 16:00:00,47.216746707663766,12.37894097784928,30.30556888578596,89.51549770574043,695,0
2025-01-06 17:00:00,47.67793848379432,7.544784369726015,34.64706045448556,69.788375424397,436,0
2025-01-06 18:00:00,48.81351721736967,11.194800139699716,26.2826787730383,84.73471899035229,436,0
2025-01-06 19:00:00,46.76913568356604,11.402345484621797,25.59742420274268,77.32358909101207,418,0
2025-01-06 20:00:00,48.22745993460413,9.404872993280016,30.49428252370955,88.46770775216494,686,0
2025-01-06 21:00:00,49.30714275428243,12.75141362662324,30.152663105568053,58.727725796485046,660,0
2025-01-06 22:00:00,46.39251676543877,9.699888825934947,30.520024993111225,79.00905699758731,862,0
2025-01-06 23:00:00,48.1846338585323,10.251152906943085,30.731859593725503,73.97179344216039,834,0
2025-01-07 00:00:00,43.847638346748084,9.65385635143226,45.69514644632063,84.32262950634156,343,1
2025-01-07 01:00:00,48.78182287177731,10.031158095162935,34.46959031580624,84.70044187368202,388,0
2025-01-07 02:00:00,46.763049289121916,7.807449826209597,25.197288064570454,72.92374105177974,454,0
2025-01-07 03:00:00,46.679543386915725,7.119898234811411,27.51450892565926,72.87826135823957,267,0
2025-01-07 04:00:00,48.5219415656169,13.189010126449944,29.69023571955286,78.89334631442671,815,0
2025-01-07 05:00:00,48.29698467323318,8.306077303363345,25.0704335665375,71.03357772684792,535,0
2025-01-07 06:00:00,48.25049285034588,8.017215301087386,29.472436786703785,88.41983695452127,870,0
2025-01-07 07:00:00,48.34644820949698,5.69321977279257,34.98441049718406,76.30792799552555,608,0
2025-01-07 08:00:00,47.31997527842151,8.722076504620995,30.062659464887886,50.930117806783585,499,0
2025-01-07 09:00:00,44.61440966643648,7.353820413185003,41.756480647615334,76.25177943378193,801,1
2025-01-07 10:00:00,48.29307247329868,13.284030320272738,26.21950570448226,69.61456179156028,556,0
2025-01-07 11:00:00,47.28564858197363,12.01963417868527,28.15091577588157,63.687241845390545,455,0
2025-01-07 12:00:00,49.86577451114476,8.623699309644552,28.87441085902819,67.62573361777427,552,0
2025-01-07 13:00:00,48.47383292091179,14.504871610688618,29.0468547097313,81.0940847183297,931,0
2025-01-07 14:00:00,46.80869650279735,11.963530973983188,33.84493138501131,93.28640828248231,720,0
2025-01-07 15:00:00,48.65655360863383,9.350337232982755,31.673073182175372,83.1318447386498,723,0
2025-01-07 16:00:00,47.02531832977268,5.001188570252854,26.665626129188905,73.9349661178426,955,0
2025-01-07 17:00:00,48.78708460374245,14.581885145181484,30.739514335296015,84.55904195170703,893,0
2025-01-07 18:00:00,49.158595579007404,7.220855066472808,31.494665245490356,75.40909689781009,483,0
2025-01-07 19:00:00,42.50695580571653,6.709202506086216,48.86175769496906,73.05399630836855,511,1
2025-01-07 20:00:00,48.963376129244324,12.045140864019281,34.74162205970512,68.45637331767016,298,0
2025-01-07 21:00:00,48.4127809269365,14.879504812678546,26.954717424516396,62.48171193248281,396,0
2025-01-07 22:00:00,48.82206015999449,12.768545637021036,27.567427466368986,76.10076293440555,681,0
2025-01-07 23:00:00,49.89679298265395,11.12781824010472,26.22726642325615,81.58053489920133,425,0
2025-01-08 00:00:00,47.75461188399713,11.189508683330573,29.297940422679055,79.0337632998511,814,0
2025-01-08 01:00:00,47.24626383564251,11.706831117560615,31.399075123339003,75.84033072052641,817,0
2025-01-08 02:00:00,47.11048557037448,11.51785717957353,32.9620035497673,70.54253939303219,564,0
2025-01-08 03:00:00,47.18418971503456,10.562382847938752,29.77214692907243,86.08246191684968,567,0
2025-01-08 04:00:00,47.9228982905859,10.208402207903752,29.040457430235467,66.82868080053416,769,0
2025-01-08 05:00:00,48.34115197481665,9.874813744200955,30.45527397674622,87.76027913843475,789,0
2025-01-08 06:00:00,48.27669079933002,8.492070822266648,27.49457129510993,69.97782981073276,274,0
2025-01-08 07:00:00,48.827183249036025,9.438649846266452,36.26861616508432,72.47564762646965,241,0
2025-01-08 08:00:00,41.761311525118316,6.614086371609229,42.73102865041734,65.33214809384323,621,1
2025-01-08 09:00:00,49.453534077157315,9.8033207464105,30.554221736687172,74.98597853114363,380,0
2025-01-08 10:00:00,47.73534316676204,8.022817785698166,36.07081865768892,89.75312458477978,744,0
2025-01-08 11:00:00,44.463392288228725,7.792821365568458,47.3047968286333,85.15628088443957,270,1
2025-01-08 12:00:00,48.62566734776501,10.359788302306956,29.429882894995515,89.78422112028035,767,0
2025-01-08 13:00:00,47.14284244358372,12.784004572689199,28.927663731568718,85.22142545933936,304,0
2025-01-08 14:00:00,46.92910750193889,11.836633212004626,29.458824954712778,68.96330171469631,399,0
2025-01-08 15:00:00,48.48247241524319,6.8589987927536455,34.11854542402959,76.69210775672443,300,0
2025-01-08 16:00:00,47.77653721467415,8.020743726859324,23.36441426601148,72.19800870882537,967,0
2025-01-08 17:00:00,48.71400049409209,11.881542375976432,34.600301103888974,93.3057490403904,506,0
2025-01-08 18:00:00,48.47323762457354,8.035025212923381,25.728128542649564,68.03211353573688,785,0
2025-01-08 19:00:00,47.927171087343126,9.550733700005951,29.200043012296756,88.93697689389111,882,0
2025-01-08 20:00:00,47.153206281931595,11.100104198049104,28.712266739104013,88.9295387010877,576,0
2025-01-08 21:00:00,46.485152775314134,8.06331109027273,31.765659809312158,98.29620201716088,854,0
2025-01-08 22:00:00,47.55348504793298,10.21075101229192,25.205626944348758,75.90313407370503,877,0
2025-01-08 23:00:00,48.856398794323475,7.331949010163591,31.38651799824583,87.12322159580162,598,0
2025-01-09 00:00:00,44.299332401154224,8.797264712097572,46.64555617631147,100.0,972,1
2025-01-09 01:00:00,46.75426122128801,10.639563868285073,25.91047798622157,73.82358323066303,420,0
2025-01-09 02:00:00,48.173180925851184,6.814012532936662,30.569118502831188,64.64959752467641,794,0
2025-01-09 03:00:00,48.38531737972884,10.880949475920797,28.01405346661017,61.19989966092236,381,0
2025-01-09 04:00:00,47.11614256379887,9.960724402146637,31.277661618579106,87.12712028861331,506,0
2025-01-09 05:00:00,48.153725105945526,11.104979908834295,30.057443332247257,61.168497919414165,721,0
2025-01-09 06:00:00,48.058208718446,10.447828268129323,28.075539272867072,76.27680947062078,595,0
2025-01-09 07:00:00,46.85702970216938,12.728280859947688,31.46361685461322,84.37313187038961,203,0
2025-01-09 08:00:00,48.35778736034828,10.250449005295815,35.41304432936023,81.85175536829914,480,0
2025-01-09 09:00:00,48.56078452636824,9.141188917749494,29.427288624818104,84.25444864184172,414,0
2025-01-09 10:00:00,49.08305124317528,10.244595006064568,32.15927382644455,82.22289855800854,809,0
2025-01-09 11:00:00,49.053802052034904,11.086596058072775,26.12018112638651,92.78865813313394,619,0
2025-01-09 12:00:00,46.62233063204291,10.09772014065141,27.130690869545973,70.47683619261203,300,0
2025-01-09 13:00:00,47.062174960084874,10.081183382407765,31.417218833641133,73.23004861541469,720,0
2025-01-09 14:00:00,48.51503526720866,8.59601662438649,34.452348085607895,72.27340554729176,772,0
2025-01-09 15:00:00,48.51378595091221,8.674198164898105,31.06684004635698,88.3019181186261,508,0
2025-01-09 16:00:00,48.51504768630605,7.194789456400613,29.060825908430537,89.00398588395063,857,0
2025-01-09 17:00:00,51.85273149065472,13.499153486373878,29.997874216270063,84.51225319318507,709,0
2025-01-09 18:00:00,48.57089051069317,7.512273529217429,26.248776798090848,91.83493666889927,262,0
2025-01-09 19:00:00,49.1355656401806,8.614189604408185,31.8135459790661,68.2195913262362,832,0
2025-01-09 20:00:00,48.9540017634932,8.563185468861604,32.64699918697023,96.67224111551137,425,0
2025-01-09 21:00:00,48.651391251305796,11.789848753888883,28.64372900150076,95.23238621712258,304,0
2025-01-09 22:00:00,47.68473075535965,9.410100643415944,28.589873556721496,87.35621997245747,971,0
2025-01-09 23:00:00,48.75896922049327,12.495484145347469,30.797634688956144,97.8179890877106,624,0
2025-01-10 00:00:00,41.301539098674084,8.653018751512263,45.979865666689335,63.43376792322226,454,1
2025-01-10 01:00:00,47.76318139325999,10.557988324447605,29.801602156122534,74.75551863737348,628,0
2025-01-10 02:00:00,47.5146364521709,8.329305893480486,36.29916536749955,72.64696539318048,633,0
2025-01-10 03:00:00,48.08187413938632,14.290298255546777,29.25892289776201,87.21479323757343,406,0
2025-01-10 04:00:00,50.31465856667351,7.624803161940974,28.924979543936335,69.49859260397855,227,0
2025-01-10 05:00:00,46.132734807408255,10.619641420454055,28.05737458309452,87.57495149337485,881,0
2025-01-10 06:00:00,48.68626019037451,11.267553761864196,32.23257591449981,93.70536143996713,535,0
2025-01-10 07:00:00,46.38728412881035,10.827598194902997,29.456327480345692,86.95202900084,787,0
2025-01-10 08:00:00,47.528068134210564,9.629424682244583,28.05188088503572,82.83751023661502,827,0
2025-01-10 09:00:00,49.088950596967365,9.740358600533147,33.96391209681904,70.1212665909925,268,0
2025-01-10 10:00:00,48.06428001909546,10.08762294395822,34.25880901354091,71.53149033874635,945,0
2025-01-10 11:00:00,46.922255222070696,9.705995996743022,28.198729302783885,92.49618905296667,712,0
2025-01-10 12:00:00,47.28469629074003,11.92775823358982,24.400380145918152,87.79349003905332,366,0
2025-01-10 13:00:00,48.679597748934675,14.421046003182703,33.022541069510766,79.60980480622456,929,0
2025-01-10 14:00:00,47.26963336828286,8.885016429984333,27.946110522719987,75.8209045423411,984,0
2025-01-10 15:00:00,48.216458589581976,7.260394040841844,32.371876797488305,59.74192126888623,567,0
2025-01-10 16:00:00,48.045571839903815,9.82343590329749,24.089688546864494,69.29147581315561,450,0
2025-01-10 17:00:00,47.348399652394185,15.159418675308636,32.677792014897925,99.11419087139723,885,0
2025-01-10 18:00:00,50.14394408932532,8.392650864060538,26.36648421215766,67.19544428997533,369,0
2025-01-10 19:00:00,48.63391902231801,13.278233610888135,32.19229235719958,81.8947982122108,957,0
2025-01-10 20:00:00,45.97485741334239,13.355401628152881,30.042819203509303,90.07443973195198,289,0
2025-01-10 21:00:00,48.18645431476943,8.892823516584011,27.138181741810065,67.45077331997707,760,0
2025-01-10 22:00:00,47.33821353523161,11.137966158370551,28.77889106121966,81.84710474781083,645,0
2025-01-10 23:00:00,48.852433334796224,13.256793246257075,32.0589553708701,89.37915537510655,493,0
2025-01-11 00:00:00,47.2074792615673,9.241744518025026,30.317683359345704,80.12499321907251,349,0
2025-01-11 01:00:00,47.885263558533104,9.592839279795276,31.753238941417454,100.0,331,0
2025-01-11 02:00:00,48.50498727898046,8.836638172102713,35.92932175354646,63.31400741121804,632,0
2025-01-11 03:00:00,48.86575519417012,7.970486538614266,25.307275164866844,90.5872852988388,258,0
2025-01-11 04:00:00,46.799703592944226,8.701444909867986,34.85163772490587,78.27198262603535,398,0
2025-01-11 05:00:00,47.665498764159054,7.552119466475487,30.31306781256964,87.71920154836675,414,0
2025-01-11 06:00:00,47.52505468883904,10.068166936518452,27.303647855030615,84.41307151699246,760,0
2025-01-11 07:00:00,47.34667076742629,8.460053537882716,26.00905912278303,72.66843802890003,671,0
2025-01-11 08:00:00,49.765454240281095,10.467571823581496,29.4326388276689,82.28996392459341,943,0
2025-01-11 09:00:00,48.40498171096095,6.888208707592746,32.76495033577338,61.42098548601713,446,0
2025-01-11 10:00:00,46.73911604566496,10.661760464428914,29.6173526388674,86.03247500571393,581,0
2025-01-11 11:00:00,48.917861947054774,11.667057923217849,34.533464790742045,82.98158465990525,438,0
2025-01-11 12:00:00,50.122156197012636,6.012528714857089,25.646472929845324,86.38660168643102,566,0
2025-01-11 13:00:00,49.03246526055115,10.748113139695144,29.963733156461835,90.5811832508715,367,0
2025-01-11 14:00:00,46.48063003404599,12.455337984946585,26.242819666760642,83.67619840209711,759,0
2025-01-11 15:00:00,47.51576592713375,7.580717962617589,31.090895647874902,81.48089419798276,250,0
2025-01-11 16:00:00,49.266911149186626,13.345144773675408,32.6606621702919,71.18931663338708,809,0
2025-01-11 17:00:00,47.29233053438122,10.83803801873209,28.73771461895684,72.87779236350949,927,0
2025-01-11 18:00:00,48.44381942814623,8.589976288483182,22.187358430118596,91.86734620177332,888,0
2025-01-11 19:00:00,48.77463405342934,9.888461844684588,30.596844440389482,94.36335405705978,579,0
2025-01-11 20:00:00,47.07306952842192,11.116653825043445,31.31021565520053,77.61889563687946,673,0
2025-01-11 21:00:00,47.9404746439382,10.152010782824822,31.212884264885094,80.46002747253274,279,0
2025-01-11 22:00:00,44.75873265993093,11.077511984892737,33.70734657546646,70.95385625006234,896,0
2025-01-11 23:00:00,46.97561235866571,8.158652813841268,26.786838961052855,91.72756845267445,566,0
2025-01-12 00:00:00,47.74743184860684,10.338721648072156,32.04064831635135,86.65416823691778,660,0
2025-01-12 01:00:00,46.75221681803515,7.17257100619004,33.57752253743392,99.4121743646375,738,0
2025-01-12 02:00:00,49.63241130393163,9.777547877302599,24.66423724798045,71.21676922820261,651,0
2025-01-12 03:00:00,46.56985862203937,8.19218471707042,30.95895547775693,76.21992100981782,663,0
2025-01-12 04:00:00,47.55995551330302,8.528940114820466,28.487460506976987,82.31445922525572,677,0
2025-01-12 05:00:00,48.13074057728609,12.472186350420875,29.75543198069506,86.4648953772577,619,0
2025-01-12 06:00:00,49.44127328906612,12.182620241188538,31.04302945061501,77.84332362452368,906,0
2025-01-12 07:00:00,46.56413784882056,11.218276241814355,28.53831430765934,71.270389095463,413,0
2025-01-12 08:00:00,49.16316375215496,7.815374470654842,27.972875762515166,88.81407528923572,568,0
2025-01-12 09:00:00,48.01023306101958,9.367183100610395,30.102457252464074,87.21135362545581,313,0
2025-01-12 10:00:00,47.01849134895205,12.426195399958367,26.738262183411592,70.83725899436276,953,0
2025-01-12 11:00:00,48.46210347426327,10.28343382727981,26.742524613344443,93.55442801105495,702,0
2025-01-12 12:00:00,48.19905969557347,14.63865907996339,32.03811984886951,91.70198709196603,835,0
2025-01-12 13:00:00,47.39978312284121,10.786635678788743,26.55361789452403,81.34296497247793,787,0
2025-01-12 14:00:00,48.069802084990016,10.384098232980064,31.998937502727635,80.79597862376036,510,0
2025-01-12 15:00:00,47.614686403138236,9.381767071594997,31.387773878561852,85.54057771115907,668,0
2025-01-12 16:00:00,48.113517345251246,10.267081809564564,24.82257981362821,71.38296929743741,907,0
2025-01-12 17:00:00,48.662130674521045,9.695060327238913,27.967306042993034,80.30031479164082,243,0
2025-01-12 18:00:00,49.58601681614535,11.416217353377181,33.58232820914212,58.4761645539082,614,0
2025-01-12 19:00:00,46.76218450117315,11.913404633589169,27.056503406580955,88.76455645502935,897,0
2025-01-12 20:00:00,50.133033374656264,8.4280210789841,28.606787213071836,64.3850677755814,445,0
2025-01-12 21:00:00,46.0479122004775,7.337534092884444,31.386182679755688,95.03419828428999,283,0
2025-01-12 22:00:00,47.848214904964415,6.327589253793407,32.350171527847785,76.6987990603355,406,0
2025-01-12 23:00:00,48.588317206484575,11.015982653825088,29.245383341866514,77.88333018068823,350,0
2025-01-13 00:00:00,48.28099186773503,7.793266787652253,28.207469415925075,73.72266093915495,867,0
2025-01-13 01:00:00,47.37730048017941,5.694218814095034,34.267109585095525,77.11961126077924,727,0
2025-01-13 02:00:00,47.79187774964272,10.777157209061928,35.21669899139274,94.18531345148037,364,0
2025-01-13 03:00:00,47.50699906534117,14.985999034865582,32.936574152345386,55.1219134346492,344,0
2025-01-13 04:00:00,47.410635243055786,9.987858176920213,30.255954427695073,92.76965386088187,236,0
2025-01-13 05:00:00,48.84960209702103,11.676981548903283,27.57520283507722,83.38023481101708,532,0
2025-01-13 06:00:00,48.35701548596505,10.16365871709513,27.508666780330305,67.92978352142785,602,0
2025-01-13 07:00:00,47.30709040473935,9.802220693617715,31.567542315797272,69.24687606950762,613,0
2025-01-13 08:00:00,48.89959987543325,11.838152965975537,31.25519466266605,96.76393027208204,244,0
2025-01-13 09:00:00,48.30729952087661,9.419450911622697,34.20479577883929,70.54493120057269,601,0
2025-01-13 10:00:00,48.81286211883896,10.534784628143806,31.951350277608416,68.46649489404041,405,0
2025-01-13 11:00:00,48.62962884192361,10.643395612392027,25.490759094720545,91.37314542364729,261,0
2025-01-13 12:00:00,47.17100498907793,8.663819092713902,33.15584285316876,83.38552876285914,619,0
2025-01-13 13:00:00,47.43981895980303,11.984084699073046,27.005818118056762,70.620744234636,667,0
2025-01-13 14:00:00,48.74729360512326,9.650080486609182,28.848086184142947,82.16624975404619,218,0
2025-01-13 15:00:00,48.61037026543347,8.48850968101431,30.750600618755083,69.74247316359723,564,0
2025-01-13 16:00:00,47.97909840603585,11.073019687140807,35.98700246935189,91.00821398422605,499,0
2025-01-13 17:00:00,48.11732738330878,8.203064036417926,39.329755668016084,90.61370964873133,206,0
2025-01-13 18:00:00,49.277664895788426,10.056362314738257,31.820169177408548,85.32006198821944,960,0
2025-01-13 19:00:00,47.40842861116417,9.981762006711593,29.450410143838837,83.61661061247017,627,0
2025-01-13 20:00:00,48.54709738117004,12.171791131663156,31.60351694544165,97.61188124867374,316,0
2025-01-13 21:00:00,47.797807347566106,10.949396465759905,32.66296627762151,79.99686327388225,779,0
2025-01-13 22:00:00,47.78231879677278,9.949946082509712,29.037997123328424,68.181258745792,706,0
2025-01-13 23:00:00,49.09877685198719,11.635532598400575,35.385634067736966,84.49473912832306,745,0
2025-01-14 00:00:00,48.82541634898803,12.780415098034627,30.690212277574208,100.0,905,0
2025-01-14 01:00:00,48.81350963600064,11.115620612703724,31.49322926727418,69.85240506814148,524,0
2025-01-14 02:00:00,49.30547880715433,10.02070523968676,31.997772756163386,76.38537233306015,254,0
2025-01-14 03:00:00,48.02100384163276,7.376327535299681,31.264759831843367,84.16446038101452,977,0
2025-01-14 04:00:00,48.68195297129496,7.869772673849255,32.516821501408835,79.4609515099426,241,0
2025-01-14 05:00:00,47.68973324340654,9.389550591290664,28.14824044035923,70.17696419622686,496,0
2025-01-14 06:00:00,48.32416635248844,8.780975595681433,28.32509473816191,91.21857856230471,430,0
2025-01-14 07:00:00,47.869856945632314,9.626057394029107,26.699537301084916,100.0,652,0
2025-01-14 08:00:00,48.096995964992715,10.113299849794215,31.31850369186068,81.96131459023907,593,0
2025-01-14 09:00:00,48.59515702543691,11.059385508713461,32.33680951053634,70.95931710264,721,0
2025-01-14 10:00:00,47.18177931676653,9.859002443881817,31.373318598455658,64.51039474946525,557,0
2025-01-14 11:00:00,50.09238727568546,10.973003287652404,35.023477300042615,82.5797598122118,643,0
2025-01-14 12:00:00,46.9939826185003,10.12894882962024,29.98321194351286,91.03877343316258,327,0
2025-01-14 13:00:00,46.78581138721227,6.049066867292257,32.00622496677754,84.75167746495381,890,0
2025-01-14 14:00:00,49.15811087350007,8.121329212362491,26.724897371582056,79.97596159081147,604,0
2025-01-14 15:00:00,48.791662693962934,9.71182488855677,28.838700892576796,74.10728348210694,591,0
2025-01-14 16:00:00,48.624119817052154,7.580610514317785,32.086613272697335,69.07836367281911,392,0
2025-01-14 17:00:00,48.62834550926428,11.199857459992408,32.54730633222943,88.34751326324883,803,0
2025-01-14 18:00:00,47.987753227153085,13.061501664687395,29.118099157007453,89.13771621385585,942,0
2025-01-14 19:00:00,47.10274562851417,12.437523703394634,29.7852022444258,64.54270213309266,277,0
2025-01-14 20:00:00,48.075804558193724,9.573114258139585,25.44637875995757,95.89838978180684,284,0
2025-01-14 21:00:00,47.32283828848789,12.981452273699905,28.92891239758017,85.74071220894001,229,0
2025-01-14 22:00:00,48.97511973341775,10.297334914404223,32.67114949055936,93.99594645145794,924,0
2025-01-14 23:00:00,47.85294261849786,9.325828057763921,31.7256150483197,66.57872251514885,248,0
2025-01-15 00:00:00,47.17450280320749,8.77319467291812,31.501997164143628,66.34175844584561,976,0
2025-01-15 01:00:00,47.67861415834701,9.395060627023744,30.14932106154288,78.51030690232703,344,0
2025-01-15 02:00:00,48.41293145427562,9.223646362917542,30.02118947588453,85.02784426895194,268,0
2025-01-15 03:00:00,47.436275447196024,10.340832444750976,28.01903658157966,97.96360822926964,257,0
2025-01-15 04:00:00,47.17777960443357,10.32114796209973,32.09648526060761,87.06078913815132,896,0
2025-01-15 05:00:00,48.24368721149191,10.006092040306829,31.262918833168168,77.57318723187967,773,0
2025-01-15 06:00:00,48.24496657110872,10.8738763394927,31.476056543978398,69.73630792334107,678,0
2025-01-15 07:00:00,47.49305682462887,12.381292549572683,28.42189547199726,92.3000057271915,644,0
2025-01-15 08:00:00,47.52896169438168,11.899108270882648,23.539971240386265,70.35294574249285,495,0
2025-01-15 09:00:00,48.23204993735764,7.030204063100193,33.29145813526109,96.28468554772321,877,0
2025-01-15 10:00:00,46.55191565850268,4.89215773019609,28.563487631974787,77.1561535039349,370,0
2025-01-15 11:00:00,46.59253622562345,11.868639822478547,27.411672707870636,95.9058207261785,774,0
2025-01-15 12:00:00,47.28155577874757,7.266242603169157,32.08043673574198,86.78931290059279,346,0
2025-01-15 13:00:00,47.78655284828815,9.550469196214634,28.823962080242612,78.63004510557542,683,0
2025-01-15 14:00:00,48.31090756559801,7.6597739478812805,33.17980915213987,74.80603628173873,505,0
2025-01-15 15:00:00,49.47535621694955,6.396039124839961,31.85101784873009,76.59092122653921,872,0
2025-01-15 16:00:00,48.85765962320202,11.082925456409576,32.05070796960143,84.28316692375238,852,0
2025-01-15 17:00:00,47.840061470036574,11.518310320605293,25.902132866398397,80.77156496217717,808,0
2025-01-15 18:00:00,47.98098379209731,8.846979198546562,33.6358319561592,74.06188591931294,645,0
2025-01-15 19:00:00,46.99747063536219,4.81791541571018,30.783751593701567,78.34368589682367,420,0
2025-01-15 20:00:00,47.98148686400761,8.907511103495034,28.89216858226139,80.7857702971915,754,0
2025-01-15 21:00:00,47.71134136107986,10.783608010805093,30.430165402026752,58.71265905585188,577,0
2025-01-15 22:00:00,48.32271856033809,7.0421768624517425,24.67129430130504,84.58168114788698,819,0
2025-01-15 23:00:00,47.17276905644768,10.36671983955831,31.225958434442013,70.20278775283194,465,0
2025-01-16 00:00:00,48.51934651424117,9.96938030165401,26.911885475453786,68.46667596794255,294,0
2025-01-16 01:00:00,49.532738913002575,11.158582999202176,25.941989142469396,63.1265565288929,461,0
2025-01-16 02:00:00,47.89123985154314,10.239160736828307,25.432922441346328,62.0610750213211,270,0
2025-01-16 03:00:00,48.401711722098945,8.05386211823689,33.33806512496977,66.44552496887711,418,0
2025-01-16 04:00:00,48.69014399171111,12.393143003328984,28.112209818921635,72.9097904236951,732,0
2025-01-16 05:00:00,47.598779528114164,9.68294085394606,34.6011831297495,99.53259137526568,291,0
2025-01-16 06:00:00,48.224092481810416,9.945390920980136,28.392595610843106,74.74120324104796,326,0
2025-01-16 07:00:00,48.01259240078179,8.133464081853608,24.87792612722116,81.77750106268032,279,0
2025-01-16 08:00:00,48.09767609854883,9.11343549761698,26.650426680154023,84.00481386506328,437,0
2025-01-16 09:00:00,47.226990216144536,8.230394571946198,33.70743486002082,81.3106518621585,571,0
2025-01-16 10:00:00,48.02451017425894,9.654107880153154,29.532305466189996,79.22556539274007,685,0
2025-01-16 11:00:00,48.49799829124545,13.423416960284687,28.3551381105282,68.04706236400756,893,0
2025-01-16 12:00:00,44.999739044464285,7.256197714137287,42.696073428552864,94.50927548279212,224,1
2025-01-16 13:00:00,48.95927082608521,6.772877204246518,31.505348208502635,98.07196643637886,355,0
2025-01-16 14:00:00,50.153182457511555,12.942340654987216,33.352196447707385,63.17341305877314,716,0
2025-01-16 15:00:00,47.23265243711195,9.581352645696267,34.34549768967878,69.7597140911362,831,0
2025-01-16 16:00:00,48.87232063672068,8.661854522680168,28.92069406263274,77.20189657622994,988,0
2025-01-16 17:00:00,42.44371586173348,12.079809374792152,37.716774784082645,70.35462205089809,729,1
2025-01-16 18:00:00,50.18980293321767,8.788768920526271,28.759604516630173,85.05965553455866,909,0
2025-01-16 19:00:00,47.19170171464485,13.652019427093872,30.78084151974866,72.71727797593387,256,0
2025-01-16 20:00:00,47.16027815781922,11.355851742678539,27.108723221368166,100.0,804,0
2025-01-16 21:00:00,47.40060735455598,9.024177183708595,27.12854725531487,91.90548594343596,218,0
2025-01-16 22:00:00,45.876104275690196,14.314616426531007,31.031363644649655,82.12574030632214,583,0
2025-01-16 23:00:00,47.47424497831924,8.788570153993323,29.854042945288647,90.26986263319732,392,0
2025-01-17 00:00:00,47.2408673384463,11.484190744018614,30.098390986234758,91.05900424357309,436,0
2025-01-17 01:00:00,48.15039378647621,10.598585160812984,27.72451399589979,74.36052511941757,586,0
2025-01-17 02:00:00,48.34175597577716,12.603482578797596,29.308797857382697,71.83782755458036,625,0
2025-01-17 03:00:00,49.87617083921589,13.123022393453706,27.227300567195087,80.78143062969647,476,0
2025-01-17 04:00:00,48.95042383818605,10.064008298131533,32.67059523337436,88.61636124497944,426,0
2025-01-17 05:00:00,47.423096344337594,8.493164259307633,33.10574800417126,81.39060398653417,944,0
2025-01-17 06:00:00,47.101585328651645,10.919944285878232,24.461436413285718,64.23003517809002,751,0
2025-01-17 07:00:00,48.4919191715065,8.644569260495787,27.21146741942277,71.97175556049157,522,0
2025-01-17 08:00:00,46.67976679297936,14.026774495053246,25.510412234729763,79.26027136405622,352,0
2025-01-17 09:00:00,49.83145876585435,10.273070662165475,28.049928196779305,79.2433439567417,838,0
2025-01-17 10:00:00,49.17944012072129,9.269356897375783,29.749686090628916,99.72542176789808,436,0
2025-01-17 11:00:00,47.5308243478953,10.369360611729817,25.65106434090441,66.14012057601002,254,0
2025-01-17 12:00:00,46.28686547090912,7.305747420940607,27.23442056062406,85.05589241835875,635,0
2025-01-17 13:00:00,49.35387237416541,8.056771922978697,26.988127883755503,94.8911310832829,883,0
2025-01-17 14:00:00,47.885460154747385,12.400827815888851,30.621801988196832,100.0,308,0
2025-01-17 15:00:00,49.23781631197346,8.686211442057209,30.20803301110875,75.95602576816039,383,0
2025-01-17 16:00:00,46.405572341205634,7.90617803463612,27.83478733998824,84.914294527202,567,0
2025-01-17 17:00:00,47.40062497704623,11.073305505054572,30.530462616418195,85.69760357198646,397,0
2025-01-17 18:00:00,48.005243699718186,12.371408309325993,28.359959746238204,81.9548173155329,570,0
2025-01-17 19:00:00,48.046980593764744,11.437906621330134,29.18503466902184,79.01154798760695,572,0
2025-01-17 20:00:00,47.54993452852076,11.992095371611633,35.02035627089561,84.35975389500047,696,0
2025-01-17 21:00:00,48.6228499323475,8.486409822861079,34.02138315537104,54.677539147803145,798,0
2025-01-17 22:00:00,46.93237957061741,7.1563786665163125,26.101256289217208,86.82069490062631,400,0
2025-01-17 23:00:00,47.857620514978706,13.002667303910973,32.48919725363752,81.26177903661967,708,0
2025-01-18 00:00:00,48.1202956317119,9.354640322315728,32.434189663474776,77.77525103221734,521,0
2025-01-18 01:00:00,48.51443883405875,9.498333967089906,26.555210133742143,100.0,474,0
2025-01-18 02:00:00,48.71161487808889,12.656388283698115,32.45633293126458,73.25065981209448,410,0
2025-01-18 03:00:00,46.87535790816213,11.11246001880132,34.61379575523766,75.9692401093497,703,0
2025-01-18 04:00:00,46.46588582926438,10.911775544163214,26.632365581266757,99.91553302204734,317,0
2025-01-18 05:00:00,49.27767682189851,14.330004689802168,27.24749153695721,71.67938695150143,902,0
2025-01-18 06:00:00,48.33231401197959,8.712963539239714,33.052984400530505,74.4988471706346,753,0
2025-01-18 07:00:00,47.251513463443445,11.855680256162474,30.814485932476945,78.5297457656915,241,0
2025-01-18 08:00:00,49.55115197552252,10.114026249794168,31.65442882571857,88.4073448212955,514,0
2025-01-18 09:00:00,48.11567463429286,10.537184557726514,31.02176764920149,82.07802507353314,987,0
2025-01-18 10:00:00,49.17929718406383,13.056936852825064,31.172087762784432,67.07374652847737,528,0
2025-01-18 11:00:00,48.06751848141011,11.015671512579248,26.02058361506675,74.67831436872811,216,0
2025-01-18 12:00:00,50.06074792488199,11.076592158099267,33.14195311986435,73.92645566787789,482,0
2025-01-18 13:00:00,49.7553408424432,12.145014674619604,33.50876997728332,79.22778954776955,457,0
2025-01-18 14:00:00,47.751035851520925,9.27009454091423,29.31182776779592,84.25843658629829,774,0
2025-01-18 15:00:00,48.97157095095436,8.321580665321987,29.869569150558412,84.18205755887972,773,0
2025-01-18 16:00:00,48.645375949585144,7.910381611957932,25.406677492332832,62.23988245951598,811,0
2025-01-18 17:00:00,49.368631557532346,6.067286821247997,31.542764268053503,90.63940987560856,218,0
2025-01-18 18:00:00,47.0350765394199,14.112414259880644,31.71617232514243,82.52568845996623,728,0
2025-01-18 19:00:00,48.68605145999844,7.793583268556634,29.813426949002068,93.84532047593906,622,0
2025-01-18 20:00:00,49.05842448684959,9.557492752828455,33.373060079611506,84.44198327290673,665,0
2025-01-18 21:00:00,46.24126051357688,9.446373400222159,28.997768307060177,91.01322957735762,572,0
2025-01-18 22:00:00,46.81674148733423,10.614813395618201,31.6938177776808,84.66545311450128,957,0
2025-01-18 23:00:00,45.9607678222399,11.631474425078594,26.941006983923653,93.46225756202747,962,0
2025-01-19 00:00:00,47.73059316555544,11.72094697671949,29.929343547377286,85.22250636017779,280,0
2025-01-19 01:00:00,48.71754225579596,8.833845122862122,29.476937226291493,79.02084753557097,750,0
2025-01-19 02:00:00,49.50235705209603,9.665756572427178,30.675923766122825,100.0,747,0
2025-01-19 03:00:00,48.07409478041978,10.5651599009766,28.891419213499923,88.89037122279892,623,0
2025-01-19 04:00:00,49.62861554557129,9.502617747632906,29.605582212984995,85.73744421004413,628,0
2025-01-19 05:00:00,46.61989854178511,13.214691152039986,32.47814151432452,67.23695583461664,587,0
2025-01-19 06:00:00,46.29661756064485,10.981949903276503,28.689707288285348,67.11692382536462,908,0
2025-01-19 07:00:00,47.94445230110338,11.469755572099634,25.180268697783962,82.92715482141854,869,0
2025-01-19 08:00:00,48.38406544893931,11.325762537334825,35.24875171261626,81.45521197768241,403,0
2025-01-19 09:00:00,47.967305251905906,12.34694771497065,34.14436223607146,73.85877434991684,395,0
2025-01-19 10:00:00,45.93255789996012,10.362043117407413,26.123211914683143,81.4098269961206,927,0
2025-01-19 11:00:00,47.910879960487215,7.406336104088307,32.06912341573558,95.88626928043595,484,0
2025-01-19 12:00:00,46.69553049949515,10.799375903505283,28.491075688345973,86.95402474550299,395,0
2025-01-19 13:00:00,48.669672548830036,8.697286212416342,30.79046164599318,68.58991490247261,506,0
2025-01-19 14:00:00,48.36659824609685,8.942766636500487,30.882672387040483,78.88491172857056,863,0
2025-01-19 15:00:00,47.06012021367265,11.172728037510186,29.296776599051036,71.9503351914744,213,0
2025-01-19 16:00:00,47.48613308266331,12.476566142867272,27.64870300324081,76.12300083591438,345,0
2025-01-19 17:00:00,46.94078647811105,10.042543153472124,27.928376843051222,75.86384334370358,256,0
2025-01-19 18:00:00,47.93732090272683,10.617666025197927,27.251424253556273,75.22354417395995,922,0
2025-01-19 19:00:00,48.95514232050124,13.404429889270476,27.504533375308664,67.44864628026605,979,0
2025-01-19 20:00:00,47.01427395366446,10.481506358977137,29.798465129851934,78.7234531848181,409,0
2025-01-19 21:00:00,48.50404651551784,15.203366228360789,27.852720032667744,74.3939236315269,728,0
2025-01-19 22:00:00,47.46974238162756,11.131019291263089,32.04615619713786,50.705513099977324,997,0
2025-01-19 23:00:00,47.20712716773765,6.478474481688364,34.46173846600778,100.0,543,0
2025-01-20 00:00:00,47.89296964004544,11.506683242209064,28.25984027588987,90.88769654216672,914,0
2025-01-20 01:00:00,46.96475767758063,10.762316769765555,30.71821350160613,76.23699275075003,810,0
2025-01-20 02:00:00,47.44635069465282,12.579505508165491,31.499055330908803,80.18819049740598,478,0
2025-01-20 03:00:00,46.80212210741115,11.346362702539917,31.41600681275782,68.28345652682438,408,0
2025-01-20 04:00:00,49.96472513291639,9.723088032032452,30.227865803748262,96.95722877810866,840,0
2025-01-20 05:00:00,48.03526355197173,7.551403527421268,32.22804725507917,98.97288694773111,534,0
2025-01-20 06:00:00,47.30027449200742,9.581953485427949,31.446746858041973,81.56693728246525,487,0
2025-01-20 07:00:00,48.213979910734224,8.2989590915814,26.287012733018106,90.23530644185345,451,0
2025-01-20 08:00:00,47.88767195030917,8.838953100390555,32.60746819316782,81.75286778933923,464,0
2025-01-20 09:00:00,47.77903040046678,11.17715680884122,32.661872511800226,66.6327456112407,470,0
2025-01-20 10:00:00,48.61416670004343,13.339809008702812,27.710141687464255,75.88176631036343,899,0
2025-01-20 11:00:00,48.75750771004731,10.789343059645962,30.113813506342805,81.31927966771957,618,0
2025-01-20 12:00:00,47.46949885238947,7.608233875929631,32.04998697843321,75.45452281256556,925,0
2025-01-20 13:00:00,47.42418175935532,10.88920533644028,29.372058541261914,77.81346722564965,994,0
2025-01-20 14:00:00,47.724948302848354,12.393262973291302,33.218934143298036,79.08600442490885,410,0
2025-01-20 15:00:00,45.69807883526442,8.780434191361236,37.09161748385808,79.19121502134539,564,0
2025-01-20 16:00:00,46.484808937801446,9.731965666654165,27.642041902095052,80.52258490497483,275,0
2025-01-20 17:00:00,49.36687426744452,10.029376389458394,25.856866190538675,69.39394933603398,859,0
2025-01-20 18:00:00,49.64496771350128,8.43020337383552,30.911455786814628,72.82983850872064,520,0
2025-01-20 19:00:00,47.75096396044362,11.296560867687718,32.16468751537843,67.1541573430003,924,0
2025-01-20 20:00:00,48.576556963055765,9.758103702784437,29.307400878465693,89.778155496862,632,0
2025-01-20 21:00:00,48.311250154543536,10.839064887814056,34.3597819899631,58.943530581596754,308,0
2025-01-20 22:00:00,51.07888080845524,8.2250156443958,25.984182600830252,91.53590343316925,840,0
2025-01-20 23:00:00,49.119574911434576,9.12508339935318,32.078755869094834,93.86349397262843,721,0
2025-01-21 00:00:00,47.87208240851923,11.444762715655543,28.18241753772332,76.97819413017379,246,0
2025-01-21 01:00:00,47.04445955939958,9.254333695816467,35.15813371862189,53.96862912172701,578,0
2025-01-21 02:00:00,46.393553679742425,13.45392770246681,35.977546059504355,76.38689438032709,295,0
2025-01-21 03:00:00,48.20346363586722,9.200727628770796,27.70003023664996,79.35815838711181,302,0
2025-01-21 04:00:00,47.2436492547157,10.449369451503772,28.35132859227426,69.89401780071087,345,0
2025-01-21 05:00:00,46.577746290402324,11.86518166374618,32.57876366093941,74.84781606191757,226,0
2025-01-21 06:00:00,47.353427115757476,7.163268534133937,28.838608050631457,95.30195198863352,931,0
2025-01-21 07:00:00,46.918451996385606,6.478382376038448,29.863766346203285,86.64927162301741,729,0
2025-01-21 08:00:00,49.687141635072564,6.94868737085981,30.07616526162723,70.754358856219,878,0
2025-01-21 09:00:00,48.881639756949454,12.525168206854364,24.240980531407033,64.02400830404568,281,0
2025-01-21 10:00:00,47.99202735868338,8.896283708215107,29.95848676171729,76.72982682390229,627,0
2025-01-21 11:00:00,49.479944138890026,15.116398571336504,27.930816677807478,77.86543220649561,783,0
2025-01-21 12:00:00,48.07736830764762,8.871504802685223,28.520631532800685,84.96199187363317,678,0
2025-01-21 13:00:00,47.13871579867174,10.369102606394074,34.33089601040644,74.64683287432341,965,0
2025-01-21 14:00:00,49.52312407726966,13.08421990513575,26.23047931716223,85.11499575361862,361,0
2025-01-21 15:00:00,48.53891004368466,14.012185776318246,32.43961556024393,99.35154040060229,601,0
2025-01-21 16:00:00,46.96275384567355,14.123007153272795,29.163111209004576,88.15501022444262,707,0
2025-01-21 17:00:00,47.809661321916394,12.416732461186285,29.160719494512495,79.51911492669227,237,0
2025-01-21 18:00:00,42.152740675872614,12.048125051622925,49.485077949153165,78.16849528946705,710,1
2025-01-21 19:00:00,46.61720026903566,11.185053898402366,31.020153883706673,76.43326865820129,592,0
2025-01-21 20:00:00,48.926177547531644,11.556722152333275,31.711838991658592,91.80640912452145,912,0
2025-01-21 21:00:00,49.90941664047013,8.897628567342933,32.90455398159858,73.72686554048697,693,0
2025-01-21 22:00:00,46.60143242618086,8.363602233155385,29.00607485045003,80.45222708999982,399,0
2025-01-21 23:00:00,48.56296923669057,9.993251085178096,28.16328979647675,80.51197901881085,454,0
2025-01-22 00:00:00,47.34935743087817,9.659630754950143,26.744548420326606,74.98215807188468,378,0
2025-01-22 01:00:00,47.5128746162353,9.09354390134545,27.523768410063134,66.27534452115898,746,0
2025-01-22 02:00:00,47.40760607576113,11.39277489491343,38.84728327592617,83.22974503617668,793,0
2025-01-22 03:00:00,47.136009230320184,11.910610417141022,33.73403874221036,79.38996028144616,588,0
2025-01-22 04:00:00,48.04852162794483,10.176813772583694,25.946776901375934,85.0024046943657,597,0
2025-01-22 05:00:00,47.16904988358896,12.955060162110524,26.03262612976929,74.66399693560834,931,0
2025-01-22 06:00:00,48.27045682577984,7.71662177173299,31.445598185155475,92.20821298813048,357,0
2025-01-22 07:00:00,47.94976189055086,9.612681081440563,31.6417943921339,71.23226218788156,203,0
2025-01-22 08:00:00,47.76105195313359,8.56635535879439,31.646651505952093,97.12040284017893,366,0
2025-01-22 09:00:00,47.092436337958404,6.26692676585388,29.235132619338906,62.52363490171739,667,0
2025-01-22 10:00:00,47.423228669431666,9.834638628314602,29.6236372199913,84.3477006455689,608,0
2025-01-22 11:00:00,48.755391225825754,9.756504983233432,30.98363857247807,84.75430682526624,611,0
2025-01-22 12:00:00,48.50091718762438,13.026899486484261,30.25767901887999,72.04442932059118,403,0
2025-01-22 13:00:00,47.02244475520145,11.261623369109556,23.342098881757394,84.24393937861012,393,0
2025-01-22 14:00:00,48.09933230542923,7.95162635134159,29.31060110827442,92.7951866976016,434,0
2025-01-22 15:00:00,48.75138712337179,13.708185132668376,27.44578069721906,57.831811606459354,917,0
2025-01-22 16:00:00,46.33059471887863,12.442067391050706,30.525634256725535,85.02744807490815,349,0
2025-01-22 17:00:00,44.31490699711005,11.164195406937232,53.897263422187635,55.06729179669922,358,1
2025-01-22 18:00:00,47.33737624105415,9.547031802300337,31.102444996422914,70.34335196476792,478,0
2025-01-22 19:00:00,48.570598668593156,8.08112152655304,29.059410941482806,96.29166364900945,603,0
2025-01-22 20:00:00,47.23674084345748,9.255586447857894,32.765404505931755,74.18217966607946,877,0
2025-01-22 21:00:00,46.19511789933548,12.177497239408371,31.44806366162764,68.26120035591028,510,0
2025-01-22 22:00:00,46.372457562116836,13.769172611869218,31.260283471355525,78.02062271015318,267,0
2025-01-22 23:00:00,48.04808494666138,13.086487056544378,31.820551779647012,100.0,662,0
2025-01-23 00:00:00,48.259722501721484,9.022301156427451,36.169630694488625,61.68317752793974,287,0
2025-01-23 01:00:00,47.09568337489559,7.760765133421978,26.607334694022253,69.48690088360655,416,0
2025-01-23 02:00:00,48.638592458777374,10.281772493822407,31.420896230434362,94.97431683179626,200,0
2025-01-23 03:00:00,46.33847993773104,6.463121268874296,27.220856610055385,98.57702343537733,334,0
2025-01-23 04:00:00,47.933920201352684,10.646335428369563,31.666537939026746,78.96568775709716,896,0
2025-01-23 05:00:00,46.788983800237546,9.704794827402663,27.243940465541716,67.60947297473358,550,0
2025-01-23 06:00:00,47.34816389219784,9.067926996263516,28.747899559184745,100.0,339,0
2025-01-23 07:00:00,48.047398671316415,6.810593865466409,29.114730257286283,95.94442391749197,817,0
2025-01-23 08:00:00,47.139586634716046,11.027200213139434,32.92745015803413,86.78946987762232,332,0
2025-01-23 09:00:00,47.615444455770174,8.934598320676177,32.75536333182724,71.8759765106258,819,0
2025-01-23 10:00:00,49.00629280921444,7.6601663285794235,26.262847870660845,79.50970659161963,377,0
2025-01-23 11:00:00,47.42310813047685,4.255475573436701,30.164802332999546,78.39639918955169,557,0
2025-01-23 12:00:00,48.83569211206514,9.944970189898727,27.871260435752482,83.30851304615578,579,0
2025-01-23 13:00:00,46.87029314534238,13.544503193339487,26.224485267973996,94.51001438131337,857,0
2025-01-23 14:00:00,48.52980417791528,13.32251842909574,29.348948848726888,88.79417041137403,649,0
2025-01-23 15:00:00,49.441568620657904,9.085807486827456,29.07455163463254,69.22623923015242,785,0
2025-01-23 16:00:00,45.52835549987271,8.79557587927644,37.280149459036565,93.76496450019538,662,0
2025-01-23 17:00:00,47.203104744529526,10.937548512150048,31.29887947608209,83.13132140013155,307,0
2025-01-23 18:00:00,48.57707212718054,8.003229121623416,25.86714749773729,86.87065795858916,321,0
2025-01-23 19:00:00,47.796954613957006,10.603583799638931,28.305677987487172,94.66540859278604,216,0
2025-01-23 20:00:00,48.37114587337131,11.53216055676938,33.06414988628819,68.88419750486449,395,0
2025-01-23 21:00:00,47.39601481328418,12.453866447768615,36.265328318609775,79.64174421293536,526,0
2025-01-23 22:00:00,48.0865897874729,9.799691847040094,25.242050063286126,74.68545448640785,517,0
2025-01-23 23:00:00,47.844322764607924,9.592652499646068,24.360226844582865,64.32140574634545,678,0
2025-01-24 00:00:00,49.16778206165981,8.244034826486878,35.612895526115345,83.4670997760492,451,0
2025-01-24 01:00:00,48.25442084330121,8.34623929192028,31.168842532112713,100.0,702,0
2025-01-24 02:00:00,48.3376026620752,9.547042216196946,27.395121804370902,61.59922255494247,318,0
2025-01-24 03:00:00,47.58812303387753,10.734731013632356,31.603887258367305,79.67719388950529,873,0
2025-01-24 04:00:00,47.51239377592751,11.827169252466499,22.092756782949365,86.40542935074774,909,0
2025-01-24 05:00:00,47.56744181218038,8.39364209863931,30.010126519791484,81.23078201656182,697,0
2025-01-24 06:00:00,48.3944521423783,12.985377137919043,30.983463518529256,78.86871947484259,685,0
2025-01-24 07:00:00,47.579015519179734,9.457752797914862,32.77281041861349,67.00783636554176,244,0
2025-01-24 08:00:00,48.289774856896415,9.957265411303128,26.958312143122388,82.32786742940164,513,0
2025-01-24 09:00:00,50.07540079864544,8.505576641704353,30.257061484210077,72.43236022984074,378,0
2025-01-24 10:00:00,48.87112470343169,5.151519479454117,27.223726121821237,58.100782950214466,617,0
2025-01-24 11:00:00,47.67397646783216,11.768090792722099,30.766151267022952,91.94592220513731,755,0
2025-01-24 12:00:00,49.201213922163944,11.473687794184867,27.313961032910928,89.58385819842043,982,0
2025-01-24 13:00:00,47.59192462697845,9.437344885763574,28.775697482519337,80.5166097685108,277,0
2025-01-24 14:00:00,45.96187546482214,10.133981434449744,27.012553815629314,82.29074688205702,525,0
2025-01-24 15:00:00,46.991913689082594,11.0318784354082,31.95340872547097,90.74318012715561,889,0
2025-01-24 16:00:00,46.129208078974145,6.874908286226915,32.575353349969994,82.24339656778082,556,0
2025-01-24 17:00:00,47.648486515958695,8.94189464530741,29.296138290127757,89.04017554761315,615,0
2025-01-24 18:00:00,48.018418379189555,11.588529359243655,30.114713984880083,77.0251779912615,714,0
2025-01-24 19:00:00,49.67643731227528,7.491421153661501,25.65422575609937,93.11983738573946,413,0
2025-01-24 20:00:00,48.326927373764164,10.587115864333258,29.100970055979637,83.20785725932684,273,0
2025-01-24 21:00:00,47.780899471191134,7.28683639075319,29.849386148874764,81.94051943605874,762,0
2025-01-24 22:00:00,48.82940558118349,10.932859964867053,37.86237927308993,67.29938911287968,778,0
2025-01-24 23:00:00,45.78886469099211,9.928717035405032,26.66409892267751,82.86955854301709,708,0
2025-01-25 00:00:00,48.235614558108566,6.7697363681889815,34.39253171625731,71.68045082505549,531,0
2025-01-25 01:00:00,48.77086519388697,12.329478708914342,32.99057632039742,73.61717273471506,292,0
2025-01-25 02:00:00,46.521413754220156,8.530816846403901,30.84190921347041,71.84624371683879,887,0
2025-01-25 03:00:00,49.143754043206926,8.379495125971237,35.2758614525854,69.33765068100774,856,0
2025-01-25 04:00:00,48.33849640749441,10.401138394461885,31.116316417820588,100.0,718,0
2025-01-25 05:00:00,47.5847120860992,12.29727469885743,31.167477587003788,93.31339061988403,468,0
2025-01-25 06:00:00,48.632781866106285,7.968356362043206,29.840638040947365,99.20367502144262,575,0
2025-01-25 07:00:00,50.2706928578044,10.123359699695943,33.670706647255884,67.77104980444436,203,0
2025-01-25 08:00:00,48.181866255058495,10.857633000661146,33.28940770143265,80.71253749910892,337,0
2025-01-25 09:00:00,48.248220586300334,11.386211214526288,28.122968137511364,67.06492374795904,430,0
2025-01-25 10:00:00,47.54063910045976,10.352883110554451,26.042258416203698,73.04305122802936,799,0
2025-01-25 11:00:00,47.15015563053521,9.265944321833356,29.39105808781303,70.81873016583425,728,0
2025-01-25 12:00:00,48.83033581654425,8.34481955870256,27.599884306807063,92.39584006441561,251,0
2025-01-25 13:00:00,47.14391617409113,10.172287766092749,29.809426276153935,76.0377032189824,845,0
2025-01-25 14:00:00,48.07156623721939,7.855721976028786,33.71231440405242,90.68379333694017,922,0
2025-01-25 15:00:00,47.522342553234886,4.157299033010785,28.62809503473963,86.04120889588518,524,0
2025-01-25 16:00:00,48.47897982574639,10.873119608315335,29.871529856065276,100.0,930,0
2025-01-25 17:00:00,48.33366210528695,11.80786968217239,30.174068204425186,65.20555776860276,916,0
2025-01-25 18:00:00,49.0375399442579,5.274135128916323,32.545292646615856,92.59233239786799,922,0
2025-01-25 19:00:00,47.489983601145255,7.9805385905801245,23.259331998046186,91.46440870400727,476,0
2025-01-25 20:00:00,47.73012506470663,11.238308522010396,28.17989911570411,70.26621161972966,735,0
2025-01-25 21:00:00,47.02123628421769,14.114990939423397,30.63385107683842,90.0713333647316,685,0
2025-01-25 22:00:00,47.55570673992389,10.041587415350817,33.600236869280586,83.36144963026229,715,0
2025-01-25 23:00:00,48.37730049304485,8.54399411754173,28.524292657481386,77.72523740046593,351,0
2025-01-26 00:00:00,48.75698861664535,9.63420711779032,24.370341881874378,71.76064513028001,682,0
2025-01-26 01:00:00,47.07783467582237,12.74975283829637,31.85913433789841,72.80890548550813,458,0
2025-01-26 02:00:00,48.86960592010566,8.70807164175093,28.093912833523113,100.0,523,0
2025-01-26 03:00:00,49.355637858804954,8.401615986699493,26.431000022728917,80.00682818957483,367,0
2025-01-26 04:00:00,48.4134349032237,9.034512955635936,28.126963830860326,87.82130001531459,887,0
2025-01-26 05:00:00,49.876795812558065,8.093342783482575,29.446423927032452,72.09100618332447,509,0
2025-01-26 06:00:00,47.226210800896425,10.245340631989592,28.18576600638536,72.2014705377836,678,0
2025-01-26 07:00:00,46.75534529668858,13.24935691693912,23.38330182870279,90.81984809249943,255,0
2025-01-26 08:00:00,46.22127975109572,10.646158546232058,32.69119859066139,66.50423788448468,819,0
2025-01-26 09:00:00,49.496044311489186,9.495292995747425,33.824625123836164,75.84786232094729,672,0
2025-01-26 10:00:00,48.65436565635406,9.416377462168912,31.954565974018518,80.34027411072232,495,0
2025-01-26 11:00:00,47.944415329089544,6.873618382606686,26.58694298872555,81.11372601840053,660,0
2025-01-26 12:00:00,48.27996862631982,11.766219554294318,29.395525398157446,78.20906714983843,523,0
2025-01-26 13:00:00,46.87451095270163,9.844325605974396,29.980436054311625,83.95819781095923,340,0
2025-01-26 14:00:00,50.44575197961683,9.63904017281875,31.79638316868573,86.92855755817811,866,0
2025-01-26 15:00:00,48.129221181975225,16.38621513568972,32.00502146615424,87.3463754545933,461,0
2025-01-26 16:00:00,48.109394794604896,10.597505816731372,27.797478603664512,70.14196191332174,984,0
2025-01-26 17:00:00,48.72576662389869,8.496417899809632,30.245986669240683,77.15844902071203,619,0
2025-01-26 18:00:00,48.481009231736714,9.147284807588914,31.371841213845723,91.94762861876937,943,0
2025-01-26 19:00:00,48.22388402427913,12.29689141839351,34.3674669664403,88.94647187573872,440,0
2025-01-26 20:00:00,47.20952554455469,10.22654082107553,32.11351961947417,66.27140548518936,554,0
2025-01-26 21:00:00,48.471468357136,7.123444043365266,32.367170062126554,83.51479900352201,969,0
2025-01-26 22:00:00,49.88202449647503,11.838457869150407,30.251479883788083,60.2177475062519,960,0
2025-01-26 23:00:00,49.34542004615498,8.663711828922011,34.23137743561051,80.4693490206037,788,0
2025-01-27 00:00:00,49.593186626639394,13.74659555243509,31.22928838787849,98.97767016745976,379,0
2025-01-27 01:00:00,47.488784323568815,12.160096131429297,27.416736269479287,70.52107282731014,265,0
2025-01-27 02:00:00,47.01039517974142,9.105356208682498,34.21010991037557,71.65676954508417,547,0
2025-01-27 03:00:00,47.87421307990035,12.562032723470226,32.09370981761708,87.6402978157286,370,0
2025-01-27 04:00:00,48.055724912288696,10.135711021054806,28.670867936614552,64.57198484790354,673,0
2025-01-27 05:00:00,49.09419151847095,11.705547350244439,28.56152109780227,73.67244970114962,733,0
2025-01-27 06:00:00,46.30753537028518,10.96946563458895,30.889726635422285,85.96441137581752,566,0
2025-01-27 07:00:00,49.52955031946061,8.307286690018254,31.389554385802754,73.65714152310596,306,0
2025-01-27 08:00:00,47.84199210142101,8.712900335365076,30.59187679689362,77.64030012789028,638,0
2025-01-27 09:00:00,47.57311893005258,12.059921635162322,30.933926020328656,87.44185710315034,426,0
2025-01-27 10:00:00,46.987895624739835,9.330449335786918,35.09987212372914,84.21546083536562,643,0
2025-01-27 11:00:00,46.34514332813423,9.192703073516007,33.21462945670466,82.66818396295402,641,0
2025-01-27 12:00:00,48.82317058396191,8.089754841301295,30.571906773795074,76.60877720729961,595,0
2025-01-27 13:00:00,48.0733179671884,10.847198131186921,32.82393174230245,83.70061115268956,927,0
2025-01-27 14:00:00,46.710039100258946,14.12504983848629,26.90242828941738,78.76267319900244,780,0
2025-01-27 15:00:00,46.70492122793638,7.864934171491454,31.193781149840426,84.57805609925785,283,0
2025-01-27 16:00:00,47.66421530070987,10.048438913345516,35.42791904919933,75.03067974882022,814,0
2025-01-27 17:00:00,49.669021525289395,12.824441110830858,29.345862313822877,78.17431025620459,750,0
2025-01-27 18:00:00,47.7404086486364,9.840717217508569,27.457098214142746,70.10042207447987,212,0
2025-01-27 19:00:00,46.49685704688189,10.904743592499468,28.043733334220818,79.64992389993765,892,0
2025-01-27 20:00:00,47.75425693591406,7.875212943706241,26.731100887972836,71.88999136371154,692,0
2025-01-27 21:00:00,47.72727643025233,10.856614194415297,27.64571427561689,68.85953549838007,467,0
2025-01-27 22:00:00,45.30311335705843,9.625711469990902,28.88847570422991,82.58661147855388,724,0
2025-01-27 23:00:00,47.945705133482186,11.971459991359726,25.783298942464075,82.1273977585766,319,0
2025-01-28 00:00:00,47.76906546979132,12.374772103129501,30.046855001848808,87.82873734948572,552,0
2025-01-28 01:00:00,48.69620636481342,15.179127284037229,32.706831521359945,75.68874430424901,256,0
2025-01-28 02:00:00,49.84895609494534,11.15926634642715,27.27673145955924,84.08052846836756,239,0
2025-01-28 03:00:00,49.126565029547756,10.651592633164332,34.5578517709253,85.50797572273663,535,0
2025-01-28 04:00:00,47.73111130944517,10.388768603154672,31.532376265582784,84.44773807831595,839,0
2025-01-28 05:00:00,46.89347409125833,9.293667414378623,33.091741756872175,71.74346317197858,372,0
2025-01-28 06:00:00,50.57335980324986,10.676967686923382,28.02649633844359,81.49363482271188,746,0
2025-01-28 07:00:00,48.05921843401449,9.409197179721941,32.56357568119985,83.64140296054661,458,0
2025-01-28 08:00:00,48.013929291912945,10.336921952539228,26.72419829881406,80.07178466907942,716,0
2025-01-28 09:00:00,47.97587491289,12.63519507121592,32.670742502509526,59.13522341628915,929,0
2025-01-28 10:00:00,48.198084760767856,7.986914869440717,30.515518019380593,81.6048962397348,722,0
2025-01-28 11:00:00,47.85563958807606,12.27975712225809,31.65975365995435,100.0,316,0
2025-01-28 12:00:00,47.426337993119766,12.634230134679731,26.473216183125444,76.39960731243018,383,0
2025-01-28 13:00:00,47.453141058759606,9.763862946017843,27.314790473170184,72.7192290214468,315,0
2025-01-28 14:00:00,47.967246729784,5.756290201982811,31.791684654760154,83.73348559711398,361,0
2025-01-28 15:00:00,47.456575228866235,8.784356025811135,27.154955987327398,83.12378210466572,778,0
2025-01-28 16:00:00,47.287154217322836,12.593989093122218,31.38961887629737,91.92735165416414,911,0
2025-01-28 17:00:00,48.106430227691895,9.954263875402235,25.898586580619263,67.42131844091112,742,0
2025-01-28 18:00:00,47.74502278257914,8.001395535410179,32.544522638000004,87.31380252574992,786,0
2025-01-28 19:00:00,49.50399298858269,8.990450157543565,26.302430055694472,85.90422061251464,436,0
2025-01-28 20:00:00,45.349030191606985,11.681240053009105,31.65689981303857,78.57853463059453,265,0
2025-01-28 21:00:00,49.09150685192246,11.093467136402758,31.876892800938002,83.3868731792169,269,0
2025-01-28 22:00:00,49.24608519249763,9.522135801660612,27.909684544711276,90.29457481598357,646,0
2025-01-28 23:00:00,45.92660976759185,9.266351176370625,31.74607970125418,88.7231538002845,615,0
2025-01-29 00:00:00,47.657312405919654,9.216483701912356,30.78132679000067,68.56980687926271,731,0
2025-01-29 01:00:00,47.628559134004206,8.155179631002994,28.383474431421785,88.20158186755485,640,0
2025-01-29 02:00:00,46.59248830528218,13.230751378938884,26.974335947771376,79.35311394967482,937,0
2025-01-29 03:00:00,47.22218331240912,9.355359061577321,24.112122924982263,80.72874098015515,663,0
2025-01-29 04:00:00,46.88942415453417,12.434317041650992,31.04895014189908,80.73196991001694,595,0
2025-01-29 05:00:00,49.752270443423626,13.042632103844902,25.305591685913836,78.4975701120174,910,0
2025-01-29 06:00:00,48.93567839314746,11.996621796295921,30.286032598323924,91.91707497107065,750,0
2025-01-29 07:00:00,49.271555094994156,9.136759374563903,29.209655351753252,79.16282040150789,856,0
2025-01-29 08:00:00,48.72167206404323,10.80746018067322,32.03742832631458,68.80453871616831,756,0
2025-01-29 09:00:00,46.87094822878277,9.951608787218168,29.093863501530407,76.06470144030271,594,0
2025-01-29 10:00:00,47.47547973372023,8.192596278539744,29.011656640958726,81.78694716810476,525,0
2025-01-29 11:00:00,48.48937456122792,10.648718563443206,32.195612112864886,92.29214784297051,290,0
2025-01-29 12:00:00,46.77787219110805,7.641920417680395,31.005174087252353,86.03094684948833,949,0
2025-01-29 13:00:00,42.38017963581612,12.375358776923127,45.94568799285788,71.49464721252956,269,1
2025-01-29 14:00:00,41.80031724233737,9.070765405403215,44.04264442781856,100.0,365,1
2025-01-29 15:00:00,47.6251791924504,10.402319311745678,25.393283630378683,82.6477531097798,841,0
2025-01-29 16:00:00,48.71095996820349,10.566575743092285,32.27036603996095,92.75390737999015,413,0
2025-01-29 17:00:00,43.80387301570382,9.482190052591845,49.21156290027476,78.48285566422771,800,1
2025-01-29 18:00:00,47.63903383418092,11.17338760295055,26.94995061427051,85.3335924470545,534,0
2025-01-29 19:00:00,49.15932980336425,9.05019268675495,29.267758578977396,88.39468504518405,963,0
2025-01-29 20:00:00,46.9189366724001,11.742594594914488,29.882078137117105,92.18194711754256,568,0
2025-01-29 21:00:00,48.61593560694426,7.308040639506503,29.5965096467948,90.57368305378225,783,0
2025-01-29 22:00:00,48.593101257968385,10.252759159092824,31.001579899705604,88.72197000072978,876,0
2025-01-29 23:00:00,47.69045356068601,13.87785799811657,34.29410034549355,76.84913268805892,248,0
2025-01-30 00:00:00,48.32613302224212,7.999337350788851,33.245300183018486,74.28253958043939,251,0
2025-01-30 01:00:00,46.7488864236147,8.644510058950297,26.06334241970578,83.32607510324198,488,0
2025-01-30 02:00:00,48.9240270192069,11.02781569931783,31.866209970918145,89.33128072341069,989,0
2025-01-30 03:00:00,47.815097863557014,10.359163563879196,33.98679995860623,77.77279299223393,825,0
2025-01-30 04:00:00,47.47727697948096,10.701260198547118,31.16042556206761,90.65171965714387,438,0
2025-01-30 05:00:00,49.04900922583689,10.978374260295327,33.2729412755579,94.52616745486179,332,0
2025-01-30 06:00:00,47.29565630945724,11.26944293712354,36.03681133710229,70.8367908092658,985,0
2025-01-30 07:00:00,46.59153870363644,12.219399683912446,33.07112863832094,71.6307929620372,365,0
2025-01-30 08:00:00,46.4433708264761,10.819637313857026,30.747925786925187,78.59624941094664,573,0
2025-01-30 09:00:00,48.60600995134564,9.517484690762915,33.135265422254264,83.07612668189196,572,0
2025-01-30 10:00:00,46.719570647503716,11.345147402405463,30.434663499290675,74.75432986232948,677,0
2025-01-30 11:00:00,49.754794181984366,13.799763869790432,30.071709129854867,93.52202678867144,954,0
2025-01-30 12:00:00,45.91807059211628,9.734732507234853,28.9457572928588,84.24066861518452,678,0
2025-01-30 13:00:00,49.696456368290036,8.050941390658718,34.69024007649632,80.3944704824074,849,0
2025-01-30 14:00:00,48.211017467202616,12.214161338573945,27.544714002173997,65.64090476131473,790,0
2025-01-30 15:00:00,47.90328688812961,9.759237672092803,34.597103174034345,66.84184183572492,881,0
2025-01-30 16:00:00,47.45508091319105,5.654660907971928,31.499592371221112,82.81009250281807,834,0
2025-01-30 17:00:00,48.39913611435207,11.694843354300843,25.802081475594175,58.67404373845164,887,0
2025-01-30 18:00:00,47.962365297575154,8.929343628092155,31.102947878974266,90.12637409644071,499,0
2025-01-30 19:00:00,49.103301882016524,9.818933435391678,23.699920477045126,78.4184615562768,281,0
2025-01-30 20:00:00,48.11422764866204,10.663960661138029,31.876524050493106,100.0,286,0
2025-01-30 21:00:00,48.150301761461876,10.380999359558134,32.655694448966976,100.0,424,0
2025-01-30 22:00:00,47.63638778778614,11.41890363427808,28.22293213304384,78.18550930752484,215,0
2025-01-30 23:00:00,47.94305437627893,9.129027258860313,30.370643087866746,78.93662997468685,557,0
2025-01-31 00:00:00,48.30780176889206,11.026211596352166,35.86247230125086,89.95581514002029,362,0
2025-01-31 01:00:00,46.28983160734337,9.480906644832165,28.48275988721419,97.03172609918037,809,0
2025-01-31 02:00:00,46.651814577894285,11.477620961775006,26.823277238830197,63.61970942563983,867,0
2025-01-31 03:00:00,48.74326409402271,11.230734968026107,34.4449902073878,62.13624534645314,713,0
2025-01-31 04:00:00,48.17086543812794,8.12912259591081,35.887761571592385,73.77965194445619,549,0
2025-01-31 05:00:00,47.81601666364732,12.171964232350064,30.01108701554354,85.82737583173865,880,0
2025-01-31 06:00:00,48.018433933065396,8.928073109771905,33.03438910622507,84.96873590507597,663,0
2025-01-31 07:00:00,48.34758170536167,11.61611559656229,34.02442774659264,90.69771454983851,574,0
2025-01-31 08:00:00,47.46024031969064,10.734574626802681,27.772547302384847,68.00302471634691,291,0
2025-01-31 09:00:00,47.221695274597685,13.676367353590244,28.544082493896394,56.83856137031123,380,0
2025-01-31 10:00:00,48.19584525509768,9.553068035256295,33.69262353946421,88.58014195302145,942,0
2025-01-31 11:00:00,47.02162722238497,9.301366407763606,35.05504283612553,71.71803727034765,500,0
2025-01-31 12:00:00,48.40825275571447,9.961160788224534,31.688642580523066,59.81512135611362,859,0
2025-01-31 13:00:00,46.29741639576216,9.393640434331449,27.360556939493836,81.45063745959382,991,0
2025-01-31 14:00:00,49.029155637325644,11.5998838038841,35.961183335098326,87.93175688218678,388,0
2025-01-31 15:00:00,48.47259748241304,6.767378783126825,28.407087306564108,78.77942867878723,513,0
2025-01-31 16:00:00,48.25602973431388,7.892635161707291,28.994586656485644,75.42151613817511,692,0
2025-01-31 17:00:00,48.98269098394552,7.864394156841614,31.027013503468865,78.40637767854093,327,0
2025-01-31 18:00:00,49.665474444462575,11.900615183947151,34.662481262144325,76.29417237599218,718,0
2025-01-31 19:00:00,49.01437006501813,13.42122674516385,32.56192792965667,66.51952888059833,625,0
2025-01-31 20:00:00,46.15912576866835,9.791101562925057,31.24459650108573,72.85319323009568,758,0
2025-01-31 21:00:00,46.7204230332643,9.66235655361998,31.38986559035432,85.21279905013814,764,0
2025-01-31 22:00:00,47.37518142230432,10.140104326226362,30.1305440059304,83.216785413765,386,0
2025-01-31 23:00:00,48.02609105021083,12.323756605216381,31.674418543555518,81.6805980596682,749,0
2025-02-01 00:00:00,48.517659020469125,8.145293731618851,22.41131976691709,70.0485151814662,652,0
2025-02-01 01:00:00,47.274256186846536,10.476737965469571,29.110177622790605,78.18496837864333,670,0
2025-02-01 02:00:00,48.18676676447708,11.950395259564859,30.723965804750343,58.22934953557145,937,0
2025-02-01 03:00:00,47.24461706764668,11.002188339879691,26.546957749141477,81.7847666388539,764,0
2025-02-01 04:00:00,47.38848219700805,10.379163233197486,31.15896995343468,94.28857707813567,423,0
2025-02-01 05:00:00,46.593338903151775,12.002092185134282,29.386586337041635,65.25867867957894,353,0
2025-02-01 06:00:00,47.076766753889096,4.593535414001526,35.26642709494647,74.14072326682245,759,0
2025-02-01 07:00:00,46.648315394383665,11.355750639061815,34.71905917564457,83.2910677871013,550,0
2025-02-01 08:00:00,47.02412674702267,8.691848633745153,28.602583292645512,92.52842634427483,346,0
2025-02-01 09:00:00,49.05364179660784,6.338734206287086,29.547486865299913,75.51775383699851,775,0
2025-02-01 10:00:00,47.050601111168056,11.022405199049961,29.778157303174822,73.07749670734104,548,0
2025-02-01 11:00:00,50.632382064837394,12.747317090325915,28.64502157152113,60.31076857583917,381,0
2025-02-01 12:00:00,48.49331790088089,9.725102970744617,30.58507495208438,81.03438129308107,836,0
2025-02-01 13:00:00,48.18483612369487,11.905749094405877,27.725153793337228,100.0,378,0
2025-02-01 14:00:00,47.141642219818785,13.22455651597729,26.608153995187422,82.77358461964675,238,0
2025-02-01 15:00:00,48.70030987940899,12.629828907168095,31.868133671700807,79.77721020816287,971,0
2025-02-01 16:00:00,47.424362173762226,13.279929058742786,31.888588752665434,83.22082310766986,202,0
2025-02-01 17:00:00,48.12200981464536,11.484254982143785,27.587052721020022,79.88907996051398,263,0
2025-02-01 18:00:00,50.5600845382688,10.150867277803185,32.6860662922878,71.8698562773987,228,0
2025-02-01 19:00:00,47.90394010027535,6.796068376205663,28.105266812504006,88.23279915677705,571,0
2025-02-01 20:00:00,49.14927332628567,9.507875023740104,30.759495714113942,82.25761523111754,722,0
2025-02-01 21:00:00,47.29682357487411,8.313506809367617,32.46103203783737,80.17613251933658,296,0
2025-02-01 22:00:00,47.965011509503036,14.341885434995628,29.89916230588886,70.2463397272175,641,0
2025-02-01 23:00:00,49.77080063563551,9.648228375135327,31.364222736423404,93.03507931934759,402,0
2025-02-02 00:00:00,47.373032942212234,10.246409613568972,28.450711068337284,86.6470274533311,610,0
2025-02-02 01:00:00,49.81244855799693,11.102970752080935,29.41060024971571,74.47079162632699,220,0
2025-02-02 02:00:00,48.70775193545548,10.087204892744907,29.38242170735898,90.01824853681937,750,0
2025-02-02 03:00:00,47.437533224105735,13.390102080861507,27.76026496037928,75.02429161614793,934,0
2025-02-02 04:00:00,48.63240773905552,8.754701276531096,29.469677510652655,72.17996507488964,301,0
2025-02-02 05:00:00,48.97255444962673,10.389214910474486,25.35414510340876,72.40296882519714,245,0
2025-02-02 06:00:00,48.6218099622172,8.515058828603904,28.526538758573686,62.28931446911909,265,0
2025-02-02 07:00:00,46.429775280109546,7.359954977558589,29.14537351989099,84.71542380418205,802,0
2025-02-02 08:00:00,47.27286282417513,8.776461818189428,29.23146074251386,61.6885512166165,363,0
2025-02-02 09:00:00,47.75248136444849,9.925926405903176,29.275507662387664,67.71556168734237,310,0
2025-02-02 10:00:00,47.92556657089995,9.14139555096548,29.814707400419614,59.24411990921467,537,0
2025-02-02 11:00:00,48.62067209755068,8.615158040252288,31.43832455425819,79.13930307209107,322,0
2025-02-02 12:00:00,48.177701000933254,7.187365072656332,32.623551222397566,78.49679539728128,904,0
2025-02-02 13:00:00,46.6646556412899,9.833788854742611,28.0507043194552,76.73303786813636,646,0
2025-02-02 14:00:00,48.38019785100596,6.990559251937995,26.390397433832568,69.57422305329423,810,0
2025-02-02 15:00:00,48.61058574528382,11.520111927379205,26.87386676327069,68.2776624656336,490,0
2025-02-02 16:00:00,48.55979044793104,10.164879505869006,28.53839123641522,84.64369863546574,870,0
2025-02-02 17:00:00,49.080780725554625,7.084897001070139,28.944236046550472,74.49448068291512,611,0
2025-02-02 18:00:00,48.8339221545489,9.381581845900273,27.69001180140763,83.16358321536144,814,0
2025-02-02 19:00:00,48.45918007922844,8.495687188818835,26.11165000725032,71.14751313875777,480,0
2025-02-02 20:00:00,47.92983428854135,10.63834902083836,28.631637517577435,81.81062742771083,242,0
2025-02-02 21:00:00,46.339039066484006,12.680900892046289,30.544279860341913,93.03278037316063,685,0
2025-02-02 22:00:00,48.429618219132585,6.249655060708511,31.785088397506694,85.86165800392783,795,0
2025-02-02 23:00:00,48.20768768716311,10.230052158294834,28.327730840675038,75.8758618178352,902,0
2025-02-03 00:00:00,48.27157883719537,9.67973440886672,28.7610065335697,82.57198970355927,250,0
2025-02-03 01:00:00,46.72325142417969,11.34268015290093,27.21990507345807,77.59334825469787,409,0
2025-02-03 02:00:00,46.91894345959174,10.426393256475379,29.90568248887567,80.07880184694729,325,0
2025-02-03 03:00:00,49.053152853332904,8.496061336522361,27.454714097427555,76.74388947851496,691,0
2025-02-03 04:00:00,43.098468121593115,9.361892128666764,45.91520067524726,78.3566479411461,708,1
2025-02-03 05:00:00,48.68150069737263,8.407948286393022,24.64240052419767,82.12093353074175,780,0
2025-02-03 06:00:00,48.028318376130464,12.152014277197196,28.921110982642613,70.06641300418049,976,0
2025-02-03 07:00:00,48.029756139495746,10.042623297343884,30.903322017575228,69.84121173010021,457,0
2025-02-03 08:00:00,44.01806815140868,13.802381371506016,43.63232275962342,66.1145744616879,387,1
2025-02-03 09:00:00,47.48395527178263,9.878678372370759,38.07910099194149,63.9972889549629,429,0
2025-02-03 10:00:00,48.096120776940985,8.583186466179075,31.049400073703723,67.82717307779521,388,0
2025-02-03 11:00:00,47.537724711294956,6.972571214774346,26.98783620947397,81.5946250680413,614,0
2025-02-03 12:00:00,47.56550377256769,6.393720647488109,29.713607258732782,71.07212484508116,209,0
2025-02-03 13:00:00,47.69082787653136,6.831728113989021,24.671260999600644,85.13614464231097,313,0
2025-02-03 14:00:00,48.222133771633715,10.534253302022966,29.75820075210972,80.34713748752561,275,0
2025-02-03 15:00:00,47.52125137833652,11.017450046459867,27.500831828997725,60.31495786561946,875,0
2025-02-03 16:00:00,49.25575612557352,6.837618595935734,32.74617082668048,86.5497558422169,701,0
2025-02-03 17:00:00,47.105392697780495,11.790076628152232,28.351379176213396,88.1079864559171,284,0
2025-02-03 18:00:00,47.81312835583864,9.033877896633122,29.64970225261426,70.06137325165147,248,0
2025-02-03 19:00:00,47.56026894172582,10.293586023971098,28.09332647578679,84.20191542894992,694,0
2025-02-03 20:00:00,49.446977884353736,13.224441256510849,35.216554055559996,71.43501762590802,888,0
2025-02-03 21:00:00,48.196554776511576,11.793678631731064,29.036271701646264,80.97670376748336,586,0
2025-02-03 22:00:00,49.031844539468636,9.462938704188335,35.4976711304376,67.35501593045035,588,0
2025-02-03 23:00:00,46.514439626963025,8.217615549169425,32.4424552863548,62.06893547465423,417,0
2025-02-04 00:00:00,48.26705026586926,5.69636919734139,31.44620018200616,76.17182810387031,900,0
2025-02-04 01:00:00,48.88963079562344,8.56169336151516,31.10619944195256,78.76271053725164,545,0
2025-02-04 02:00:00,48.082283989275425,9.577739522344611,31.181391894648755,76.02320306385396,429,0
2025-02-04 03:00:00,49.06548037506535,8.025640945697631,24.21698226196317,68.1596944177744,454,0
2025-02-04 04:00:00,47.482711549899626,9.737486065815391,29.16334981754773,76.00100937868864,435,0
2025-02-04 05:00:00,49.40934744018558,10.153703765917536,32.53547391355296,82.69294752580734,225,0
2025-02-04 06:00:00,50.29889812361925,9.550288036383844,29.853308449577682,79.55106969877463,783,0
2025-02-04 07:00:00,47.637161439560344,8.699994838353081,25.784430459589274,81.82501030599214,460,0
2025-02-04 08:00:00,47.55449747859923,10.337309343933455,29.84278664826759,73.29884799545768,965,0
2025-02-04 09:00:00,49.4533844771177,10.883881299138817,35.11231654876647,91.7171791471616,470,0
2025-02-04 10:00:00,49.579572145730715,7.819201845114308,33.74067514660416,68.23826663445219,322,0
2025-02-04 11:00:00,47.47713997284673,12.82186475949254,29.813987971901906,84.87560297086719,855,0
2025-02-04 12:00:00,47.57981318290414,9.802823735431476,32.85434783117426,91.81891092959961,456,0
2025-02-04 13:00:00,47.718215391139495,10.037699245889696,28.900478938895844,84.80908092748895,855,0
2025-02-04 14:00:00,46.655549488965725,11.416428846513114,24.88838523951984,77.9747577293517,620,0
2025-02-04 15:00:00,47.0813480535158,10.466432262527004,27.226602035611336,74.71702953337021,458,0
2025-02-04 16:00:00,46.995859233247934,11.90627326782649,34.68866630552459,90.36087651046256,246,0
2025-02-04 17:00:00,47.232202434895875,10.574248330403648,29.178020754512087,65.77025074738327,724,0
2025-02-04 18:00:00,47.96531511261322,8.775125250719125,29.269848061874946,70.29875739620357,407,0
2025-02-04 19:00:00,48.23421473253652,10.723007050412203,29.10048541117536,76.02442234508278,510,0
2025-02-04 20:00:00,49.55050049281407,7.712547585358676,35.71240976871902,92.37653757511998,946,0
2025-02-04 21:00:00,47.00164595926121,10.217119411553046,34.87787674608619,83.79767636040896,348,0
2025-02-04 22:00:00,48.984322398476586,9.933540018711078,36.6563407003444,70.31954241489754,637,0
2025-02-04 23:00:00,47.78601115577449,9.58376628545492,29.522864368799848,76.89692294615097,354,0
2025-02-05 00:00:00,47.950536290347564,9.742924977122138,30.886873466241283,73.85676855903705,877,0
2025-02-05 01:00:00,48.674819492166606,6.236301909004721,25.450072351737624,72.90211007766464,289,0
2025-02-05 02:00:00,46.877277978437704,8.902550184518077,34.43080327835482,89.78889558556779,897,0
2025-02-05 03:00:00,48.38240974618405,10.18568980228223,26.496661346196195,66.28256870736494,557,0
2025-02-05 04:00:00,48.16645220821306,10.3197127839948,30.650326691287887,96.08780855734373,373,0
2025-02-05 05:00:00,48.492451264008146,7.944649718148083,26.70809241710147,88.28229690184622,416,0
2025-02-05 06:00:00,48.28916864390782,12.531415681729401,28.233399519783912,90.90861670603698,655,0
2025-02-05 07:00:00,50.4553001399109,8.267650303571,27.4882127068509,75.37060487974742,975,0
2025-02-05 08:00:00,47.36226001574868,11.938914401053474,28.176374217972548,78.50059280920891,808,0
2025-02-05 09:00:00,47.46900304499818,10.85438872374337,28.382631890553064,65.66848185475288,828,0
2025-02-05 10:00:00,47.37685947357524,8.707545380312395,28.35519361522477,74.75337592933197,398,0
2025-02-05 11:00:00,47.44452288083975,13.550621785219024,32.50000173534092,84.93654847643151,685,0
2025-02-05 12:00:00,47.36261287269348,7.6127263364870394,26.685411620812438,92.96063061781396,732,0
2025-02-05 13:00:00,49.189016531107555,11.838308347220003,30.6616242810416,68.92843183197549,399,0
2025-02-05 14:00:00,49.420504247989854,12.001164636085957,33.653877456916675,76.34494063014733,570,0
2025-02-05 15:00:00,47.42925370625052,8.65875958184671,28.460410906459813,78.48700779767478,647,0
2025-02-05 16:00:00,47.16764442689577,12.784930600128657,27.846243327757193,66.04210797807515,447,0
2025-02-05 17:00:00,48.471415556386404,9.499906970802094,29.30842612445925,85.913492417584,987,0
2025-02-05 18:00:00,47.44777695571903,10.577387258559714,33.53917562508213,72.7600966825739,463,0
2025-02-05 19:00:00,48.63293181775551,10.520643677542441,30.582322892860073,78.04609648822976,257,0
2025-02-05 20:00:00,48.2029230208513,9.731382517058904,28.406357116177205,75.48050628088123,501,0
2025-02-05 21:00:00,46.48425588500277,11.621616546319565,31.45162995356412,72.10661494280326,230,0
2025-02-05 22:00:00,49.54750520133006,11.586977441104427,26.693123550490732,79.92955014519445,697,0
2025-02-05 23:00:00,49.795877673095525,6.502936053523639,32.04407853132884,77.84390421431978,448,0
2025-02-06 00:00:00,47.387211309515614,12.608680485756306,31.225821923105304,76.28142117721335,804,0
2025-02-06 01:00:00,47.612298440064016,6.675016023928651,29.076574586583348,72.71538378319657,976,0
2025-02-06 02:00:00,48.28586539072491,12.065092408683315,27.484242604658306,83.19524670782955,470,0
2025-02-06 03:00:00,48.33445678998702,12.253410273655167,27.33995723314963,96.53617268492285,805,0
2025-02-06 04:00:00,48.65854427267283,7.818067139569603,31.60445200903773,81.39887232839128,865,0
2025-02-06 05:00:00,50.01020453876635,9.17837142409083,33.68694150746718,89.9611821491113,593,0
2025-02-06 06:00:00,47.82305277250595,7.7885906630281285,28.088076758913616,66.09778074846537,996,0
2025-02-06 07:00:00,47.20170275546155,9.57015793942253,31.375160110654452,81.57761439293769,701,0
2025-02-06 08:00:00,46.62068077198547,9.383931431628518,23.73891894419379,69.02631681028933,791,0
2025-02-06 09:00:00,47.26906996005808,11.559321064538679,28.246146808028403,65.23075072468099,283,0
2025-02-06 10:00:00,47.966873027126205,12.620617492239216,29.906823201387294,72.60628592540964,564,0
2025-02-06 11:00:00,49.79455786351779,12.791367621579912,27.2709497490545,91.91899334413573,748,0
2025-02-06 12:00:00,47.48238870096383,8.875663946843396,27.190480875631213,89.50015828669646,541,0
2025-02-06 13:00:00,48.2237879516389,9.581556252510945,27.99666133059334,82.430047220544,606,0
2025-02-06 14:00:00,47.983577103927246,6.6331236155581,30.87657818497912,64.6729944011007,624,0
2025-02-06 15:00:00,49.188393273448085,8.388259867007623,29.438012944780876,78.03719348612063,943,0
2025-02-06 16:00:00,50.526932425873625,11.929703266194915,23.285306300025084,83.01700008901736,292,0
2025-02-06 17:00:00,47.46913122707968,13.231165647096464,23.6378995420948,81.75536229578599,813,0
2025-02-06 18:00:00,47.510560557481774,7.531302256240156,28.179404466428473,61.56206416519254,611,0
2025-02-06 19:00:00,43.31644894319752,8.815071481694211,48.09041556319748,71.09682151980128,631,1
2025-02-06 20:00:00,48.68189148962631,9.947188486082146,21.757485471824296,79.35922235851284,877,0
2025-02-06 21:00:00,49.846707325736034,10.560322317639214,28.500809471545107,85.3629090951719,358,0
2025-02-06 22:00:00,48.583928185325966,8.380792960156707,28.421256430447738,58.03872178900053,213,0
2025-02-06 23:00:00,47.64070790921294,10.848122088928179,34.16501333462534,78.37876024520142,572,0
2025-02-07 00:00:00,41.37535929972893,9.052321305858168,40.52426335121248,81.43048769878952,424,1
2025-02-07 01:00:00,49.108703580582905,9.971095458243441,31.148966954222786,88.49611988516213,704,0
2025-02-07 02:00:00,48.82048218119736,11.092568496007399,30.42377142026239,86.92857584237437,272,0
2025-02-07 03:00:00,48.5072740311073,10.012844539621875,23.6083005605784,85.82571318808806,448,0
2025-02-07 04:00:00,49.066674689589156,9.127228218946863,32.30462164989521,72.00059493298066,710,0
2025-02-07 05:00:00,49.16929559044567,9.780780392148339,30.646189516368864,60.91997862876693,802,0
2025-02-07 06:00:00,49.38215899103753,9.823274081589329,31.52480591902377,76.069472429386,415,0
2025-02-07 07:00:00,48.64870988758964,9.259977940235744,41.77871311930898,90.0163182520856,801,0
2025-02-07 08:00:00,47.832881919683146,9.482407874665796,23.747661181504235,93.93454527524432,740,0
2025-02-07 09:00:00,48.14671368643332,13.197294341009433,35.17408994928333,87.10549102297786,419,0
2025-02-07 10:00:00,49.20650896650836,11.121838895882478,29.137657441798932,84.29340822801734,926,0
2025-02-07 11:00:00,47.183064329012765,9.409039363941679,30.861986713209028,83.79639648385965,420,0
2025-02-07 12:00:00,48.3686733088729,11.393908809021472,29.863463264096275,74.43881253239219,588,0
2025-02-07 13:00:00,47.60666118767264,9.33236102048798,28.72729099980587,78.6993970644638,753,0
2025-02-07 14:00:00,48.02874482293482,12.346249275173282,28.290501215283722,96.6906952582633,846,0
2025-02-07 15:00:00,49.2784518626073,10.739284384396187,30.988526206719026,70.57441994208124,241,0
2025-02-07 16:00:00,44.63001376235606,9.785395711991542,35.7804030736271,96.14778790709852,875,1
2025-02-07 17:00:00,48.04643654815615,10.895433851620556,32.2517375025653,76.77971845507942,482,0
2025-02-07 18:00:00,46.64014385902008,6.858247695863001,28.751416785344237,93.25432109095078,257,0
2025-02-07 19:00:00,48.74625356602722,7.746465062180389,26.609791982878928,65.93184990502462,736,0
2025-02-07 20:00:00,48.64548418114108,7.612149987201889,28.64996142601256,85.8590420116465,272,0
2025-02-07 21:00:00,50.16325472330546,10.285886189527414,33.77144765058772,72.63229864052379,328,0
2025-02-07 22:00:00,47.692221765047,13.465029998970184,28.39399473895133,65.84732808075813,798,0
2025-02-07 23:00:00,48.21915032766394,14.462600292385265,31.07536085462886,82.18534042410946,625,0
2025-02-08 00:00:00,48.249383683710754,11.276102202881514,27.80713117285358,90.09471788595968,864,0
2025-02-08 01:00:00,49.577453279763475,11.001688949888914,32.27376554977086,71.55058561406504,893,0
2025-02-08 02:00:00,47.90470446761305,6.3978845316945225,32.056523216370614,65.00984039541599,324,0
2025-02-08 03:00:00,48.27902152577034,8.914652400531956,35.54582649988923,79.08155235665045,266,0
2025-02-08 04:00:00,48.60789650971654,8.424432496183522,29.473308163502352,79.12564671222819,205,0
2025-02-08 05:00:00,48.18660912315636,8.758304803497769,32.00596441427372,85.48319627554498,836,0
2025-02-08 06:00:00,47.55356638544947,9.66371236283042,30.294202618616833,89.49594571364489,513,0
2025-02-08 07:00:00,48.194089992898306,9.055818844605746,33.88761534558904,79.40584818727505,525,0
2025-02-08 08:00:00,49.07363174985977,6.041400379248424,27.84350283717381,98.55503314794262,764,0
2025-02-08 09:00:00,46.97348470058894,11.495820512235067,32.23501593863185,82.24234744535292,777,0
2025-02-08 10:00:00,48.13296967414688,7.8545139485203865,29.415908111649955,76.535734939931,705,0
2025-02-08 11:00:00,47.299879185060824,10.478493728222299,29.807435468674505,63.88432640897172,281,0
2025-02-08 12:00:00,49.19504662892484,14.148165339499947,30.27525745334512,77.37340479683833,798,0
2025-02-08 13:00:00,46.47681309521622,8.161230816827153,30.756721189280032,76.63613054588863,201,0
2025-02-08 14:00:00,47.44107815272841,4.9394249545073405,29.651312870634126,89.6030479628147,403,0
2025-02-08 15:00:00,42.53334804288615,9.427991556239778,51.53252827962342,84.62483624066854,861,1
2025-02-08 16:00:00,49.56552402923434,12.201919269997141,34.73435417268655,68.20630878367383,603,0
2025-02-08 17:00:00,47.934249738927015,13.916694908441187,32.95634905684565,81.72254386411038,302,0
2025-02-08 18:00:00,47.4448004733068,7.540900811095167,32.60746377749069,86.71531171729053,735,0
2025-02-08 19:00:00,49.88115706944059,10.993398446473044,28.633381421928387,95.28031359387833,567,0
2025-02-08 20:00:00,46.55198609958376,9.069379086439893,27.332277515315027,88.8750396741406,411,0
2025-02-08 21:00:00,45.801194043379915,9.788103291391728,32.86590167471326,87.60846654311477,776,0
2025-02-08 22:00:00,48.44001445005333,15.28868669403407,32.62814037758938,80.60085994615163,408,0
2025-02-08 23:00:00,47.49794577564739,6.994059343209694,34.41801202725294,83.8831200542345,962,0
2025-02-09 00:00:00,46.978767182869284,10.507479322989147,28.18805812209231,92.49504900706158,316,0
2025-02-09 01:00:00,48.70835644729935,10.935386343530867,29.31135403391896,66.6722260252035,827,0
2025-02-09 02:00:00,48.2438007137712,12.171572649878694,25.081547512423697,76.50560672783044,948,0
2025-02-09 03:00:00,47.43592136926327,10.195966306941791,28.82258668181738,72.27431251243759,677,0
2025-02-09 04:00:00,46.71969560132911,10.616101079008205,32.989711531738344,83.79153118726124,304,0
2025-02-09 05:00:00,48.87245732828014,9.216702865156417,28.600513862315406,92.30222175650788,694,0
2025-02-09 06:00:00,48.650201177958664,10.538253882490215,31.921439385602472,74.03025713278926,970,0
2025-02-09 07:00:00,47.90082413622062,9.313615449005178,29.428490682006565,56.09695632530562,245,0
2025-02-09 08:00:00,49.846636996047664,11.243143779712101,30.97217108466468,75.8777925497553,530,0
2025-02-09 09:00:00,46.929915233673846,9.260779327912733,26.556925830553,89.13473732017407,415,0
2025-02-09 10:00:00,46.47447482907526,10.754200787804374,30.255628348901702,85.3762990294988,691,0
2025-02-09 11:00:00,47.308091930118756,9.941474372630044,21.02659208729783,84.28186247810577,648,0
2025-02-09 12:00:00,47.9544139836445,12.252100501544337,29.439311525514047,77.2000669812552,735,0
2025-02-09 13:00:00,48.24333944932269,9.897212552823028,25.10858026885458,67.20969263780214,710,0
2025-02-09 14:00:00,47.75876394214367,6.453935063586237,33.61798354964045,85.15294321624468,657,0
2025-02-09 15:00:00,48.352055396514295,12.523843001427984,32.33222205829353,71.65718189965375,746,0
2025-02-09 16:00:00,46.74846057580955,8.188535398274762,31.400012945898244,100.0,735,0
2025-02-09 17:00:00,49.44376460407326,8.69246732270236,34.56301868147814,85.70507208354516,739,0
2025-02-09 18:00:00,47.91784882160743,8.808677411913015,27.15325043752549,74.1935169744605,683,0
2025-02-09 19:00:00,49.11729583158813,12.748876186341635,35.24208959374668,73.88614752611372,215,0
2025-02-09 20:00:00,48.342725346377705,5.728651572042609,32.79657469278116,79.07055793386412,770,0
2025-02-09 21:00:00,48.45675321915378,16.27549706731999,29.290334138343162,77.60498077978251,442,0
2025-02-09 22:00:00,48.569767280232206,12.112113618132103,33.40686044154883,91.16833775529955,406,0
2025-02-09 23:00:00,48.44770856001732,10.446477828258319,26.681119462765096,81.86416169744047,470,0
2025-02-10 00:00:00,48.642722759867546,9.890211998767427,27.52645751541698,72.68368261091472,960,0
2025-02-10 01:00:00,49.32915253013243,10.571108149715315,28.174230830280898,98.90440685155782,978,0
2025-02-10 02:00:00,48.19652116970147,11.042244856758677,28.413066875807953,80.49308331520223,904,0
2025-02-10 03:00:00,48.70900375758851,11.290431171900114,26.830327071719243,87.68839675968897,929,0
2025-02-10 04:00:00,47.91026430571277,11.111208932006896,33.66924920128598,73.91773492555241,314,0
2025-02-10 05:00:00,49.440117215449476,10.179161362510497,29.223436798890503,83.63115627744523,779,0
2025-02-10 06:00:00,47.32360769794073,9.605323159385348,31.05751490507064,83.11109991143195,498,0
2025-02-10 07:00:00,49.800940432910814,9.697453432692976,28.288945900758957,61.10350707903847,682,0
2025-02-10 08:00:00,47.95984204935566,9.610183439294637,24.53819009835445,100.0,596,0
2025-02-10 09:00:00,46.56922489788195,12.26754019373413,30.810172075174265,92.90644460922547,593,0
2025-02-10 10:00:00,48.12810441491079,11.187113444561724,24.26323507374067,76.02804683854012,274,0
2025-02-10 11:00:00,47.31894834252512,4.1192227306714395,29.794097861743595,68.97730259544144,681,0
2025-02-10 12:00:00,48.84064354898872,11.311801553059523,25.89505488350157,83.47561613803552,302,0
2025-02-10 13:00:00,47.34737602069761,10.38947238943755,35.961827997692424,80.86697699414397,496,0
2025-02-10 14:00:00,47.55381656678522,9.962582487108206,32.73408816652417,83.55668948563229,377,0
2025-02-10 15:00:00,46.110459269054466,9.222963093822228,30.317261373814443,81.9157739619409,414,0
2025-02-10 16:00:00,47.547693680750925,12.248225439972027,33.791120032964,85.06240989305925,514,0
2025-02-10 17:00:00,41.087799232241295,11.895052924245716,43.51532639242875,94.47305699391806,238,1
2025-02-10 18:00:00,46.41609717651428,8.454244664352782,31.63043813601028,85.68103205128646,458,0
2025-02-10 19:00:00,48.7604146561443,10.81410457424907,30.59943130115614,69.50344501090059,915,0
2025-02-10 20:00:00,48.78580015865083,8.056686530917428,30.79206024400101,93.62562852712452,206,0
2025-02-10 21:00:00,48.42545756178497,7.2407636704221385,33.8170605003203,96.40614563488288,248,0
2025-02-10 22:00:00,47.033023856870784,8.746565550820069,32.197476308339404,100.0,737,0
2025-02-10 23:00:00,47.95228864385802,11.724786944765517,30.86617098847507,68.76505966760402,360,0
2025-02-11 00:00:00,47.996397460909435,11.906250090752174,25.035337691315114,82.42882013150275,375,0
2025-02-11 01:00:00,46.841635310807455,11.026170840194586,27.11986111416161,59.17901296811013,790,0
2025-02-11 02:00:00,49.50339830176715,11.450191573695994,29.631873199212826,85.53149156379209,201,0
2025-02-11 03:00:00,48.87736229057567,11.032356574229917,30.280117122829953,74.51799701833227,654,0
2025-02-11 04:00:00,47.779035826170336,8.717036809554095,26.60938882597823,99.23445794824953,843,0
2025-02-11 05:00:00,48.02688583899453,10.863845089347882,37.23503002673526,72.25385029981418,475,0
2025-02-11 06:00:00,48.20838280794755,11.600819050455364,34.54918216576072,63.10816962032739,697,0
2025-02-11 07:00:00,45.95826513157571,11.508582659627148,31.80635496117745,75.2873625929748,828,0
2025-02-11 08:00:00,47.7528226174794,12.377826742949285,30.216110583851233,60.24512228782862,875,0
2025-02-11 09:00:00,47.318015752002204,11.416607694402128,29.363373090296545,87.5109945450731,999,0
2025-02-11 10:00:00,46.998379990105086,10.702896415083165,27.144244619933293,59.349169537436794,227,0
2025-02-11 11:00:00,47.71889970711405,12.140300476632856,30.232441555556587,80.28457581183159,532,0
2025-02-11 12:00:00,49.797686526849525,9.94695748150188,30.773257620428254,59.22188180143803,200,0
2025-02-11 13:00:00,48.64084286126701,8.236250697544564,26.274718273555127,76.79702195463358,387,0
2025-02-11 14:00:00,47.428821010217206,9.673866072112473,31.002529251734693,96.43378155804534,255,0
2025-02-11 15:00:00,48.57258278135616,8.510194710387102,29.534222853525755,83.60647891435795,746,0
