time,temperature,vibration,voltage
2025-01-01 00:00:00,77.48357076505616,0.6399355436586003,213.24821725025618
2025-01-01 01:00:00,74.30867849414408,0.5924633682912769,218.5548132928448
2025-01-01 02:00:00,78.23844269050346,0.5059630369920174,212.0758007900004
2025-01-01 03:00:00,82.61514928204012,0.4353063222294426,216.92038470360959
2025-01-01 04:00:00,73.82923312638331,0.569822331361359,201.06385333046214
2025-01-01 05:00:00,73.8293152152541,0.539348538542175,222.13293707372938
2025-01-01 06:00:00,82.89606407753696,0.5895193220027732,220.01205475362224
2025-01-01 07:00:00,78.83717364576455,0.563517180168197,211.8291136893181
2025-01-01 08:00:00,72.65262807032524,0.6049552715319335,226.59245668432405
2025-01-01 09:00:00,77.71280021792982,0.4464764788439432,229.3757013762656
2025-01-01 10:00:00,72.68291153593769,0.6317394065634325,203.92440135631026
2025-01-01 11:00:00,72.67135123214871,0.51975996046924,212.37275221433785
2025-01-01 12:00:00,76.20981135783018,0.7075260872625265,212.308576502127
2025-01-01 13:00:00,65.43359877671101,0.4310812181910432,210.60096898891135
2025-01-01 14:00:00,66.37541083743484,0.6735963803165249,228.29474841931747
2025-01-01 15:00:00,72.18856235379513,0.5197910783462648,218.06173861227197
2025-01-01 16:00:00,69.93584439832789,0.43485819963855515,217.3548515868939
2025-01-01 17:00:00,76.57123666297637,0.4516114165945678,199.96137635593246
2025-01-01 18:00:00,70.45987962239394,0.46796526918056797,226.35418030209226
2025-01-01 19:00:00,67.93848149332354,0.5424165946401917,207.60741605146526
2025-01-01 20:00:00,82.32824384460777,0.55228354880355,220.5993263026633
2025-01-01 21:00:00,73.87111849756732,0.4426299996061421,222.77376937958192
2025-01-01 22:00:00,75.33764102343962,0.4975645407739017,233.60658595838652
2025-01-01 23:00:00,67.87625906893271,0.7142270358611864,206.9117960088089
2025-01-02 00:00:00,72.27808637737408,0.6727543170100712,189.80487844179174
2025-01-02 01:00:00,75.55461294854933,0.5436323669674032,221.83849544753696
2025-01-02 02:00:00,69.24503211288848,0.50380034781682,238.00511181510853
2025-01-02 03:00:00,76.87849009172837,0.5120031326718262,232.38946352939436
2025-01-02 04:00:00,71.99680655040598,0.5613517972730416,222.09659415274626
2025-01-02 05:00:00,73.54153125103362,0.39772074348015946,215.08363814367954
2025-01-02 06:00:00,71.99146693885301,0.4742623462576655,228.0712259663731
2025-01-02 07:00:00,84.26139092254469,0.3331415926122411,210.2645380029553
2025-01-02 08:00:00,74.93251387631032,0.5399223122605279,224.76357769356218
2025-01-02 09:00:00,69.71144535522049,0.564719593970274,225.05470159166626
2025-01-02 10:00:00,79.11272456051594,0.4516813537700626,230.60209907498879
2025-01-02 11:00:00,68.89578175014489,0.6573986763290033,247.5966003891108
2025-01-02 12:00:00,76.04431797502377,0.3774234336997659,223.92415967178766
2025-01-02 13:00:00,65.20164938060113,0.353562511979018,214.910363742925
2025-01-02 14:00:00,68.35906975550785,0.5224451818559972,219.74425687808005
2025-01-02 15:00:00,75.98430617934562,0.6047098302612155,202.30924095110882
2025-01-02 16:00:00,78.69233289997705,0.6683927691457869,213.05286868910943
2025-01-02 17:00:00,75.85684140594985,0.454111573713106,215.90717561886896
2025-01-02 18:00:00,74.4217585880588,0.6078680833431296,214.75911602065406
2025-01-02 19:00:00,73.49448152205356,0.4961491530499293,221.52354872033723
2025-01-02 20:00:00,67.60739004816287,0.48273727000591804,211.775800676178
2025-01-02 21:00:00,71.40077895802645,0.5883659937486673,231.2103066732447
2025-01-02 22:00:00,72.69680614520107,0.5652322878413419,220.00207064918197
2025-01-02 23:00:00,80.28561113109458,0.342360784301575,219.90699678861387
2025-01-03 00:00:00,76.71809144784231,0.6476540349725896,216.72105283487082
2025-01-03 01:00:00,66.18479922318633,0.6380091354147451,221.5519068385898
2025-01-03 02:00:00,76.62041984697397,0.43744372984904706,228.25098264667633
2025-01-03 03:00:00,73.07458859791842,0.5395803533437409,211.328697842891
2025-01-03 04:00:00,71.6153899984702,0.5494030186282739,213.41883510924742
2025-01-03 05:00:00,78.05838144420434,0.5260673765823907,216.96273971223334
2025-01-03 06:00:00,80.15499761247976,0.444969484615458,206.54129076526786
2025-01-03 07:00:00,79.65640059558099,0.4328376632061948,211.80742140278502
2025-01-03 08:00:00,85.61321195667857,1.2339577383130298,177.6366075019898
2025-01-03 09:00:00,73.45393812074393,0.6172729019259364,228.74389180712728
2025-01-03 10:00:00,76.65631715701782,0.5543600154594432,222.62561329001926
2025-01-03 11:00:00,79.8777256356118,0.4629385667913894,221.93589911367545
2025-01-03 12:00:00,72.60412881077355,0.5771698710648345,228.5089796216797
2025-01-03 13:00:00,74.07170511668092,0.21514573793699243,218.62628211600602
2025-01-03 14:00:00,69.46832512996986,0.6148765700372103,223.9046484992889
2025-01-03 15:00:00,69.01896687959665,0.32602862212219,218.96778247067505
2025-01-03 16:00:00,79.06262911197099,0.4637559058596868,222.6536234939963
2025-01-03 17:00:00,81.78120014285412,0.3880330105373856,214.17241342388417
2025-01-03 18:00:00,74.63994939209833,0.3705318524279094,195.6118284172357
2025-01-03 19:00:00,80.01766448946012,0.6160826787378519,218.65720837813697
2025-01-03 20:00:00,76.80818012523817,0.45322987986881086,234.2274813609994
2025-01-03 21:00:00,71.77440122697438,0.5346503881730715,229.26215402241593
2025-01-03 22:00:00,76.80697802754207,0.49530794211208157,229.6539748459117
2025-01-03 23:00:00,82.69018283232984,0.5477040827223122,232.36130721806217
2025-01-04 00:00:00,74.82086980445024,0.5076821891060256,220.88657590961438
2025-01-04 01:00:00,82.82321827907003,0.37170077758114306,221.97315707405596
2025-01-04 02:00:00,61.901274479551276,0.599626681944714,213.8234810456565
2025-01-04 03:00:00,79.10951252187611,0.4506243416838688,216.83927143972952
2025-01-04 04:00:00,75.43523534119086,0.3443418101340249,226.1577114977114
2025-01-04 05:00:00,73.50496324767066,0.4571884839034087,232.03884437168816
2025-01-04 06:00:00,75.45880388267751,0.6500759790634311,218.60553724319
2025-01-04 07:00:00,65.06215542699553,0.5850221742113493,215.49810735148588
2025-01-04 08:00:00,73.90164056081244,0.4651347865592141,220.00527958856597
2025-01-04 09:00:00,76.78556285755873,0.46507422956815714,226.01206748929116
2025-01-04 10:00:00,82.38947022370758,0.46783649487826173,205.5614518386646
2025-01-04 11:00:00,72.40864890863176,0.707674798356084,197.03819046862762
2025-01-04 12:00:00,70.95753198553406,0.5381935452231553,214.49463150508416
2025-01-04 13:00:00,72.49121478207732,0.543004164719107,207.79287574085842
2025-01-04 14:00:00,79.57701058851038,0.6030283454031842,214.9185980235269
2025-01-04 15:00:00,76.64375554829843,0.5238789159026513,218.5221968118253
2025-01-04 16:00:00,72.3511989811648,0.4740957854179297,215.46751590976987
2025-01-04 17:00:00,77.56633716556678,0.4803650150915022,234.52467534470745
2025-01-04 18:00:00,90.73440170125437,0.9713689159157903,182.7233265238291
2025-01-04 19:00:00,79.84322495266444,0.4962777763490158,223.00474359610828
2025-01-04 20:00:00,71.48973453061323,0.572762954363698,226.222071440434
2025-01-04 21:00:00,73.36168926701116,0.50519458858073,208.6116688221923
2025-01-04 22:00:00,73.0394592343392,0.5732640077215579,230.39111787420268
2025-01-04 23:00:00,67.68242525933941,0.49192834198914176,219.2423571346454
2025-01-05 00:00:00,76.48060138532288,0.5078635190316091,226.70480617241213
2025-01-05 01:00:00,76.30527636089944,0.30017993154678924,209.28142766959846
2025-01-05 02:00:00,75.02556728321231,0.5916327674702482,204.46241233983935
2025-01-05 03:00:00,93.79671311873253,0.6676872416628881,209.50553411584679
2025-01-05 04:00:00,67.92314628974793,0.5998010109859653,223.76409526097515
2025-01-05 05:00:00,72.89677338617321,0.21037446218063105,210.9794844564249
2025-01-05 06:00:00,73.28642741736616,0.7088374704780728,211.30336918725305
2025-01-05 07:00:00,70.9886136538919,0.4860410371844826,231.2543478441477
2025-01-05 08:00:00,89.51440706979334,1.4833675801452042,170.18791694329204
2025-01-05 09:00:00,77.02025428407269,0.39600940728744694,236.42672953255965
2025-01-05 10:00:00,84.43092950605265,0.5612773905062569,210.99379265352133
2025-01-05 11:00:00,75.8728890641592,0.39465844368263436,226.38391925608383
2025-01-05 12:00:00,76.28775195361382,0.4376231039304195,216.71381524251015
2025-01-05 13:00:00,74.62777042116916,0.6914031353866786,226.03187431082344
2025-01-05 14:00:00,65.4061439235048,0.4809317599236653,214.55885997885807
2025-01-05 15:00:00,74.86743062275391,0.5217432873179723,218.37207093927705
2025-01-05 16:00:00,75.30115104970513,0.5870067730688754,220.4091917539572
2025-01-05 17:00:00,87.31621056242643,0.5495681887972604,209.97812544218527
2025-01-05 18:00:00,74.03819517609439,0.5150418905143577,227.40824345420125
2025-01-05 19:00:00,76.50773671166806,0.5364961002466225,214.86786433528414
2025-01-05 20:00:00,74.82644115147379,0.7403415585238275,217.71400084659982
2025-01-05 21:00:00,69.15660981190234,0.49423812029664144,210.05650625391488
2025-01-05 22:00:00,80.7141140725751,0.5201099046714968,194.3766634120469
2025-01-05 23:00:00,84.52262324079429,0.947062879184546,192.8283710755936
2025-01-06 00:00:00,78.95515973521523,0.6105525932957984,244.12615421612915
2025-01-06 01:00:00,70.4530627260263,0.618703030556038,227.84604287898023
2025-01-06 02:00:00,82.0139715546805,0.5638730222029185,219.80739620265607
2025-01-06 03:00:00,67.9907446860386,0.38569950872695163,217.37109170791732
2025-01-06 04:00:00,77.93428546900135,0.6633431532301096,220.22465892812048
2025-01-06 05:00:00,101.87632964149859,1.2660239982435633,191.30189611910393
2025-01-06 06:00:00,70.04731837434656,0.5302635465239033,208.19187184691154
2025-01-06 07:00:00,72.16851135198614,0.4245724149980642,231.1432169466887
2025-01-06 08:00:00,75.4982568254382,0.49358616534070077,227.15381315441243
2025-01-06 09:00:00,72.48262172941901,0.532876241030348,227.18185725707934
2025-01-06 10:00:00,67.24668284466934,0.5321357215450273,224.38475738809728
2025-01-06 11:00:00,75.34281487403014,0.5421920754235284,220.1961665769399
2025-01-06 12:00:00,69.68848143136948,0.6613711269058647,226.7286123596682
2025-01-06 13:00:00,77.36796215317591,0.545353430151398,225.91814133741377
2025-01-06 14:00:00,70.40287882883098,0.4755843364709351,216.45959289058976
2025-01-06 15:00:00,82.7496720250877,0.5964087168288357,214.26398227103098
2025-01-06 16:00:00,71.08373353831881,0.6189470488924641,221.01856295261987
2025-01-06 17:00:00,73.38969241897162,0.37723921848630076,235.49020151495188
2025-01-06 18:00:00,79.06758608684835,0.5597400069849858,207.60892924346098
2025-01-06 19:00:00,68.84567841783023,0.5701172742310898,205.3247473424756
2025-01-06 20:00:00,76.13729967302065,0.4702436496640008,221.64760841236517
2025-01-06 21:00:00,81.53571377141213,0.6375706813311619,220.50887701856018
2025-01-06 22:00:00,82.68430116367733,0.91221056259882,191.51137729827772
2025-01-06 23:00:00,75.92316929266153,0.5125576453471542,222.439531979085
2025-01-07 00:00:00,76.29941397124212,0.48269281757161303,217.76797745365195
2025-01-07 01:00:00,78.90911435888655,0.5015579047581468,234.89863438602083
2025-01-07 02:00:00,68.81524644560959,0.3903724913104798,203.99096021523485
2025-01-07 03:00:00,68.39771693457863,0.3559949117405705,211.71502975219755
2025-01-07 04:00:00,77.60970782808448,0.6594505063224972,218.96745239850952
2025-01-07 05:00:00,76.48492336616593,0.4153038651681672,203.56811188845833
2025-01-07 06:00:00,76.25246425172938,0.4008607650543693,218.2414559556793
2025-01-07 07:00:00,76.73224104748488,0.2846609886396285,236.6147016572802
2025-01-07 08:00:00,71.59987639210755,0.4361038252310498,220.20886488295963
2025-01-07 09:00:00,76.16126848580502,0.3676910206592502,222.30700905718683
2025-01-07 10:00:00,76.46536236649341,0.664201516013637,207.3983523482742
2025-01-07 11:00:00,71.42824290986816,0.6009817089342634,213.83638591960522
2025-01-07 12:00:00,84.32887255572378,0.4311849654822276,216.24803619676064
2025-01-07 13:00:00,77.36916460455893,0.7252435805344308,216.82284903243766
2025-01-07 14:00:00,69.04348251398676,0.5981765486991595,232.81643795003768
2025-01-07 15:00:00,78.28276804316914,0.46751686164913775,225.57691060725125
2025-01-07 16:00:00,70.1265916488634,0.2500594285126427,208.88542043062967
2025-01-07 17:00:00,78.93542301871226,0.7290942572590742,222.46504778432003
2025-01-07 18:00:00,80.79297789503703,0.3610427533236404,224.98221748496786
2025-01-07 19:00:00,70.89658840824144,0.3354601253043108,231.40149038521267
2025-01-07 20:00:00,79.8168806462216,0.6022570432009641,235.80540686568372
2025-01-07 21:00:00,77.06390463468249,0.7439752406339273,209.84905808172132
2025-01-07 22:00:00,79.11030079997245,0.6384272818510518,211.89142488789662
2025-01-07 23:00:00,84.48396491326974,0.5563909120052359,207.42422141085385
2025-01-08 00:00:00,73.77305941998564,0.5594754341665286,217.65980140893018
2025-01-08 01:00:00,71.23131917821256,0.5853415558780308,224.66358374446335
2025-01-08 02:00:00,70.55242785187238,0.5758928589786765,229.873345165891
2025-01-08 03:00:00,70.92094857517282,0.5281191423969376,219.24048976357477
2025-01-08 04:00:00,74.61449145292949,0.5104201103951876,216.80152476745155
2025-01-08 05:00:00,76.70575987408321,0.49374068721004777,221.5175799224874
2025-01-08 06:00:00,76.38345399665009,0.4246035411133324,211.64857098369976
2025-01-08 07:00:00,79.13591624518011,0.47193249231332257,240.89538721694774
2025-01-08 08:00:00,75.06500945938953,0.33070431858046145,203.92338972881942
2025-01-08 09:00:00,82.26767038578659,0.490166037320525,221.84740578895725
2025-01-08 10:00:00,73.67671583381022,0.40114088928490826,240.2360621922964
2025-01-08 11:00:00,88.6008458329481,0.38964106827842293,220.06799844559998
2025-01-08 12:00:00,78.12833673882503,0.5179894151153478,218.09960964998507
2025-01-08 13:00:00,70.71421221791859,0.6392002286344599,216.42554577189574
2025-01-08 14:00:00,69.64553750969444,0.5918316606002313,218.19608318237593
2025-01-08 15:00:00,77.41236207621593,0.3429499396376823,233.7284847467653
2025-01-08 16:00:00,73.88268607337075,0.40103718634296626,197.88138088670493
2025-01-08 17:00:00,78.57000247046047,0.5940771187988216,235.33433701296326
2025-01-08 18:00:00,77.36618812286773,0.40175126064616906,205.76042847549854
2025-01-08 19:00:00,74.63585543671563,0.47753668500029756,217.33347670765585
2025-01-08 20:00:00,70.76603140965797,0.5550052099024552,215.70755579701338
2025-01-08 21:00:00,67.42576387657067,0.40316555451363645,225.8855326977072
2025-01-08 22:00:00,72.76742523966489,0.5105375506145959,204.0187564811625
2025-01-08 23:00:00,79.28199397161737,0.36659745050817955,224.62172666081943
2025-01-09 00:00:00,76.07046872065102,0.4398632356048786,240.24309623286854
2025-01-09 01:00:00,68.77130610644006,0.5319781934142537,206.3682599540719
2025-01-09 02:00:00,75.86590462925591,0.3407006266468331,221.89706167610396
2025-01-09 03:00:00,76.92658689864419,0.5440474737960399,213.38017822203392
2025-01-09 04:00:00,70.58071281899433,0.4980362201073319,224.25887206193036
2025-01-09 05:00:00,75.76862552972764,0.5552489954417148,220.19147777415753
2025-01-09 06:00:00,75.29104359223,0.5223914134064661,213.5851309095569
2025-01-09 07:00:00,69.28514851084688,0.6364140429973845,224.87872284871074
2025-01-09 08:00:00,76.78893680174141,0.5125224502647907,238.04348109786744
2025-01-09 09:00:00,77.80392263184117,0.4570594458874747,218.090962082727
2025-01-09 10:00:00,80.41525621587638,0.5122297503032284,227.1975794214818
2025-01-09 11:00:00,80.26901026017451,0.5543298029036388,207.06727042128836
2025-01-09 12:00:00,68.11165316021454,0.5048860070325705,210.4356362318199
2025-01-09 13:00:00,70.31087480042439,0.5040591691203883,224.72406277880378
2025-01-09 14:00:00,77.5751763360433,0.42980083121932444,234.84116028535965
2025-01-09 15:00:00,77.56892975456104,0.4337099082449052,223.5561334878566
2025-01-09 16:00:00,77.57523843153024,0.3597394728200306,216.86941969476845
2025-01-09 17:00:00,94.26365745327361,0.6749576743186939,219.99291405423355
2025-01-09 18:00:00,77.85445255346583,0.3756136764608715,207.49592266030282
2025-01-09 19:00:00,80.677828200903,0.4307094802204093,226.04515326355366
2025-01-09 20:00:00,79.770008817466,0.42815927344308025,228.82333062323409
2025-01-09 21:00:00,78.256956256529,0.5894924376944441,215.4790966716692
2025-01-09 22:00:00,73.42365377679828,0.4705050321707972,215.299578522405
2025-01-09 23:00:00,78.79484610246634,0.6247742072673734,222.65878229652049
2025-01-10 00:00:00,71.13587392731215,0.4326509375756131,215.63280263959405
2025-01-10 01:00:00,73.81590696629996,0.5278994162223802,219.33867385374177
2025-01-10 02:00:00,72.57318226085448,0.41646529467402427,240.99721789166514
2025-01-10 03:00:00,75.40937069693162,0.7145149127773388,217.52974299254004
2025-01-10 04:00:00,86.57329283336755,0.3812401580970487,216.41659847978778
2025-01-10 05:00:00,65.66367403704126,0.5309820710227028,213.5245819436484
2025-01-10 06:00:00,78.43130095187257,0.5633776880932099,227.44191971499936
2025-01-10 07:00:00,66.93642064405174,0.5413799097451498,218.18775826781896
2025-01-10 08:00:00,72.64034067105283,0.4814712341122292,213.50626961678574
2025-01-10 09:00:00,80.44475298483682,0.4870179300266574,233.2130403227301
2025-01-10 10:00:00,75.32140009547732,0.5043811471979109,234.19603004513638
2025-01-10 11:00:00,69.61127611035347,0.48529979983715116,213.99576434261294
2025-01-10 12:00:00,71.42348145370016,0.596387911679491,201.33460048639384
2025-01-10 13:00:00,78.39798874467338,0.7210523001591351,230.0751368983692
2025-01-10 14:00:00,71.34816684141431,0.44425082149921663,213.15370174239996
2025-01-10 15:00:00,76.08229294790988,0.3630197020420922,227.9062559916277
2025-01-10 16:00:00,75.22785919951907,0.4911717951648745,200.29896182288164
2025-01-10 17:00:00,71.74199826197092,0.7579709337654319,228.9259733829931
2025-01-10 18:00:00,85.71972044662662,0.4196325432030269,207.8882807071922
2025-01-10 19:00:00,78.16959511159006,0.6639116805444067,227.30764119066524
2025-01-10 20:00:00,64.87428706671196,0.667770081407644,220.14273067836433
2025-01-10 21:00:00,75.93227157384713,0.44464117582920054,210.46060580603356
2025-01-10 22:00:00,71.69106767615806,0.5568983079185276,215.9296368707322
2025-01-10 23:00:00,79.26216667398111,0.6628396623128539,226.863184569567
2025-01-11 00:00:00,71.0373963078365,0.4620872259012513,221.05894453115235
2025-01-11 01:00:00,74.4263177926655,0.47964196398976383,225.84412980472484
2025-01-11 02:00:00,77.52493639490228,0.4418319086051356,239.76440584515484
2025-01-11 03:00:00,79.32877597085061,0.3985243269307133,204.3575838828895
2025-01-11 04:00:00,68.99851796472112,0.4350722454933993,236.17212574968624
2025-01-11 05:00:00,73.32749382079525,0.3776059733237743,221.04355937523212
2025-01-11 06:00:00,72.62527344419522,0.5034083468259226,211.01215951676872
2025-01-11 07:00:00,71.73335383713145,0.42300267689413584,206.6968637426101
2025-01-11 08:00:00,83.82727120140548,0.5233785911790748,218.10879609222965
2025-01-11 09:00:00,77.02490855480478,0.3444104353796372,229.21650111924458
2025-01-11 10:00:00,68.69558022832477,0.5330880232214457,218.72450879622465
2025-01-11 11:00:00,79.58930973527389,0.5833528961608925,235.11154930247346
2025-01-11 12:00:00,85.61078098506317,0.3006264357428544,205.4882430994844
2025-01-11 13:00:00,80.16232630275573,0.5374056569847572,219.87911052153945
2025-01-11 14:00:00,67.40315017022994,0.6227668992473292,207.47606555586881
2025-01-11 15:00:00,72.57882963566874,0.37903589813087946,223.6363188262497
2025-01-11 16:00:00,81.33455574593312,0.6672572386837703,228.868873900973
2025-01-11 17:00:00,71.4616526719061,0.5419019009366045,215.79238206318948
2025-01-11 18:00:00,77.21909714073114,0.4294988144241591,193.95786143372865
2025-01-11 19:00:00,78.87317026714669,0.4944230922342294,221.98948146796494
2025-01-11 20:00:00,70.36534764210958,0.5558326912521723,224.3673855173351
2025-01-11 21:00:00,74.702373219691,0.5076005391412411,224.04294754961697
2025-01-11 22:00:00,58.79366329965464,0.5538755992446369,232.35782191822153
2025-01-11 23:00:00,69.87806179332856,0.40793264069206336,209.2894632035095
2025-01-12 00:00:00,73.7371592430342,0.5169360824036078,226.8021610545045
2025-01-12 01:00:00,68.76108409017576,0.35862855030950197,231.92507512477974
2025-01-12 02:00:00,83.16205651965818,0.48887739386512996,202.21412415993484
2025-01-12 03:00:00,67.84929311019684,0.40960923585352105,223.19651825918976
2025-01-12 04:00:00,72.79977756651508,0.42644700574102334,214.95820168992327
2025-01-12 05:00:00,75.65370288643045,0.6236093175210438,219.18477326898355
2025-01-12 06:00:00,82.20636644533057,0.6091310120594269,223.47676483538336
2025-01-12 07:00:00,67.82068924410281,0.5609138120907177,215.12771435886447
2025-01-12 08:00:00,80.8158187607748,0.3907687235327421,213.24291920838388
2025-01-12 09:00:00,75.05116530509794,0.46835915503051984,220.34152417488025
2025-01-12 10:00:00,70.09245674476024,0.6213097699979183,209.12754061137198
2025-01-12 11:00:00,77.31051737131635,0.5141716913639904,209.14174871114815
2025-01-12 12:00:00,75.99529847786735,0.7319329539981694,226.79373282956504
2025-01-12 13:00:00,71.99891561420603,0.5393317839394371,208.51205964841344
2025-01-12 14:00:00,75.3490104249501,0.5192049116490032,226.6631250090921
2025-01-12 15:00:00,73.0734320156912,0.4690883535797499,224.62591292853952
2025-01-12 16:00:00,75.56758672625624,0.5133540904782282,202.74193271209404
2025-01-12 17:00:00,78.31065337260523,0.4847530163619456,213.22435347664344
2025-01-12 18:00:00,82.93008408072676,0.570810867668859,231.94109403047372
2025-01-12 19:00:00,68.81092250586576,0.5956702316794584,210.1883446886032
2025-01-12 20:00:00,85.66516687328134,0.421401053949205,215.35595737690613
2025-01-12 21:00:00,65.23956100238749,0.3668767046442222,224.62060893251896
2025-01-12 22:00:00,74.24107452482208,0.3163794626896703,227.83390509282594
2025-01-12 23:00:00,77.94158603242288,0.5507991326912544,217.48461113955506
2025-01-13 00:00:00,76.40495933867517,0.38966333938261266,214.02489805308358
2025-01-13 01:00:00,71.88650240089703,0.28471094070475167,234.22369861698508
2025-01-13 02:00:00,73.95938874821363,0.5388578604530965,237.3889966379758
2025-01-13 03:00:00,72.53499532670584,0.749299951743279,229.78858050781795
2025-01-13 04:00:00,72.05317621527894,0.4993929088460107,220.85318142565023
2025-01-13 05:00:00,79.24801048510513,0.5838490774451642,211.91734278359073
2025-01-13 06:00:00,91.77639481344676,0.858339812436972,181.6936892880846
2025-01-13 07:00:00,71.53545202369673,0.49011103468088574,225.22514105265756
2025-01-13 08:00:00,79.49799937716625,0.5919076482987768,224.18398220888685
2025-01-13 09:00:00,76.53649760438304,0.4709725455811349,234.0159859294643
2025-01-13 10:00:00,79.06431059419481,0.5267392314071903,226.50450092536138
2025-01-13 11:00:00,78.14814420961807,0.5321697806196014,204.96919698240183
2025-01-13 12:00:00,70.85502494538964,0.4331909546356951,230.5194761772292
2025-01-13 13:00:00,72.19909479901516,0.5992042349536523,210.01939372685587
2025-01-13 14:00:00,78.7364680256163,0.48250402433045914,216.1602872804765
2025-01-13 15:00:00,78.05185132716733,0.4244254840507155,222.50200206251694
2025-01-13 16:00:00,74.89549203017926,0.5536509843570403,239.95667489783963
2025-01-13 17:00:00,75.58663691654391,0.41015320182089626,251.0991855600536
2025-01-13 18:00:00,81.38832447894212,0.5028181157369128,226.06723059136183
2025-01-13 19:00:00,72.04214305582084,0.49908810033557965,218.16803381279612
2025-01-13 20:00:00,77.7354869058502,0.6085895565831578,225.3450564848055
2025-01-13 21:00:00,73.98903673783053,0.5474698232879953,228.87655425873837
2025-01-13 22:00:00,73.9115939838639,0.4974973041254856,216.79332374442808
2025-01-13 23:00:00,80.49388425993595,0.5817766299200287,237.95211355912323
2025-01-14 00:00:00,79.12708174494014,0.6390207549017314,222.30070759191403
2025-01-14 01:00:00,79.06754818000319,0.5557810306351862,224.97743089091395
2025-01-14 02:00:00,81.52739403577165,0.501035261984338,226.6592425205446
2025-01-14 03:00:00,75.1050192081638,0.368816376764984,224.21586610614455
2025-01-14 04:00:00,78.40976485647482,0.39348863369246273,228.38940500469613
2025-01-14 05:00:00,75.89449121002546,1.236861617077476,190.83283641462614
2025-01-14 06:00:00,76.62083176244221,0.4390487797840717,214.41698246053969
2025-01-14 07:00:00,74.34928472816158,0.4813028697014554,208.99845767028305
2025-01-14 08:00:00,75.48497982496359,0.5056649924897108,224.39501230620226
2025-01-14 09:00:00,77.97578512718457,0.5529692754356731,227.78936503512114
2025-01-14 10:00:00,70.90889658383264,0.4929501221940909,224.57772866151885
2025-01-14 11:00:00,85.4619363784273,0.5486501643826202,236.74492433347538
2025-01-14 12:00:00,69.96991309250149,0.5064474414810121,219.94403981170953
2025-01-14 13:00:00,68.92905693606134,0.3024533433646128,226.68741655592513
2025-01-14 14:00:00,80.79055436750033,0.40606646061812457,209.08299123860687
2025-01-14 15:00:00,78.95831346981468,0.48559124442783846,216.129002975256
2025-01-14 16:00:00,78.12059908526078,0.37903052571588924,226.95537757565776
2025-01-14 17:00:00,78.1417275463214,0.5599928729996204,228.49102110743144
2025-01-14 18:00:00,74.93876613576543,0.6530750832343697,217.06033052335818
2025-01-14 19:00:00,70.51372814257084,0.6218761851697316,219.28400748141934
2025-01-14 20:00:00,75.37902279096863,0.47865571290697917,204.8212625331919
2025-01-14 21:00:00,71.61419144243945,0.6490726136849952,216.4297079919339
2025-01-14 22:00:00,79.87559866708875,0.5148667457202112,228.90383163519786
2025-01-14 23:00:00,74.2647130924893,0.46629140288819604,225.75205016106565
2025-01-15 00:00:00,70.87251401603744,0.43865973364590605,225.0066572138121
2025-01-15 01:00:00,73.39307079173503,0.4697530313511872,220.4977368718096
2025-01-15 02:00:00,77.06465727137812,0.4611823181458771,220.07063158628176
2025-01-15 03:00:00,72.18137723598012,0.5170416222375488,213.39678860526553
2025-01-15 04:00:00,70.88889802216784,0.5160573981049864,226.98828420202534
2025-01-15 05:00:00,76.21843605745956,0.5003046020153414,224.2097294438939
2025-01-15 06:00:00,76.22483285554361,0.543693816974635,224.920188479928
2025-01-15 07:00:00,72.46528412314436,0.6190646274786341,214.7396515733242
2025-01-15 08:00:00,72.64480847190839,0.5949554135441324,198.46657080128756
2025-01-15 09:00:00,76.16024968678818,0.35151020315500964,230.97152711753697
2025-01-15 10:00:00,83.3573629155058,0.6187374665724674,188.869622167851
2025-01-15 11:00:00,67.96268112811723,0.5934319911239274,211.3722423595688
2025-01-15 12:00:00,71.40777889373783,0.36331213015845787,226.93478911913994
2025-01-15 13:00:00,73.93276424144076,0.47752345981073163,216.0798736008087
2025-01-15 14:00:00,76.55453782799002,0.38298869739406405,230.59936384046622
2025-01-15 15:00:00,82.37678108474776,0.31980195624199803,226.17005949576696
2025-01-15 16:00:00,79.2882981160101,0.5541462728204788,226.8356932320048
2025-01-15 17:00:00,74.20030735018287,0.5759155160302647,206.34044288799467
2025-01-15 18:00:00,74.90491896048655,0.44234895992732803,232.119439853864
2025-01-15 19:00:00,69.98735317681096,0.240895770785509,222.61250531233856
2025-01-15 20:00:00,74.90743432003805,0.4453755551747517,216.30722860753798
2025-01-15 21:00:00,73.5567068053993,0.5391804005402546,221.4338846734225
2025-01-15 22:00:00,76.61359280169044,0.3521088431225871,202.23764767101682
2025-01-15 23:00:00,70.86384528223839,0.5183359919779156,224.0865281148067
2025-01-16 00:00:00,77.59673257120586,0.4984690150827004,209.70628491817928
2025-01-16 01:00:00,82.66369456501289,0.5579291499601089,206.47329714156464
2025-01-16 02:00:00,74.45619925771571,0.5119580368414153,204.77640813782108
2025-01-16 03:00:00,77.0085586104947,0.40269310591184443,231.12688374989926
2025-01-16 04:00:00,78.45071995855557,0.6196571501664492,213.7073660630721
2025-01-16 05:00:00,72.99389764057082,0.484147042697303,235.337277099165
2025-01-16 06:00:00,76.12046240905208,0.4972695460490068,214.64198536947703
2025-01-16 07:00:00,75.06296200390898,0.4066732040926804,202.92642042407053
2025-01-16 08:00:00,75.48838049274416,0.455671774880849,208.8347556005134
2025-01-16 09:00:00,71.13495108072267,0.4115197285973099,232.3581162000694
2025-01-16 10:00:00,75.12255087129472,0.4827053940076577,218.44101822063334
2025-01-16 11:00:00,77.48999145622724,0.6711708480142343,214.51712703509398
2025-01-16 12:00:00,82.2557180389752,0.36280988570686434,221.60018225852787
2025-01-16 13:00:00,79.79635413042604,0.33864386021232584,225.01782736167544
2025-01-16 14:00:00,85.76591228755778,0.6471170327493608,231.17398815902462
2025-01-16 15:00:00,71.16326218555976,0.4790676322848134,234.48499229892926
2025-01-16 16:00:00,79.36160318360339,0.43309272613400834,216.40231354210914
2025-01-16 17:00:00,75.91671002869175,0.6039904687396076,206.73952313917962
2025-01-16 18:00:00,85.94901466608836,0.4394384460263136,215.86534838876725
2025-01-16 19:00:00,70.95850857322424,0.6826009713546937,222.60280506582887
2025-01-16 20:00:00,70.80139078909612,0.5677925871339269,210.3624107378939
2025-01-16 21:00:00,72.0030367727799,0.45120885918542974,210.42849085104956
2025-01-16 22:00:00,64.38052137845096,0.7157308213265503,223.43787881549886
2025-01-16 23:00:00,72.3712248915962,0.4394285076996661,219.5134764842955
2025-01-17 00:00:00,71.20433669223151,0.5742095372009307,220.32796995411587
2025-01-17 01:00:00,75.75196893238103,0.5299292580406492,212.4150466529993
2025-01-17 02:00:00,76.70877987888579,0.6301741289398798,217.69599285794231
2025-01-17 03:00:00,84.38085419607943,0.6561511196726852,210.75766855731695
2025-01-17 04:00:00,79.75211919093024,0.5032004149065766,228.90198411124786
2025-01-17 05:00:00,72.11548172168798,0.42465821296538164,230.35249334723753
2025-01-17 06:00:00,70.50792664325822,0.5459972142939117,201.53812137761906
2025-01-17 07:00:00,77.45959585753253,0.4322284630247894,210.7048913980759
2025-01-17 08:00:00,68.3988339648968,0.7013387247526623,205.03470744909922
2025-01-17 09:00:00,84.15729382927177,0.5136535331082738,213.49976065593103
2025-01-17 10:00:00,80.89720060360644,0.4634678448687891,219.16562030209639
2025-01-17 11:00:00,72.65412173947648,0.5184680305864908,205.5035478030147
2025-01-17 12:00:00,66.43432735454562,0.36528737104703035,210.78140186874685
2025-01-17 13:00:00,81.76936187082707,0.40283859614893486,209.96042627918501
2025-01-17 14:00:00,74.42730077373692,0.6200413907944425,222.07267329398945
2025-01-17 15:00:00,81.1890815598673,0.4343105721028604,220.6934433703625
2025-01-17 16:00:00,67.02786170602816,0.39530890173180605,212.78262446662745
2025-01-17 17:00:00,72.00312488523113,0.5536652752527286,221.768208721394
2025-01-17 18:00:00,75.02621849859092,0.6185704154662997,214.53319915412735
2025-01-17 19:00:00,75.2349029688237,0.5718953310665067,217.28344889673946
2025-01-17 20:00:00,72.74967264260378,0.5996047685805816,236.73452090298537
2025-01-17 21:00:00,78.11424966173749,0.4243204911430539,233.40461051790348
2025-01-17 22:00:00,69.66189785308703,0.3578189333258156,207.00418763072403
2025-01-17 23:00:00,74.28810257489353,0.6501333651955487,228.29732417879174
2025-01-18 00:00:00,75.60147815855949,0.4677320161157864,228.1139655449159
2025-01-18 01:00:00,77.57219417029374,0.47491669835449524,208.5173671124738
2025-01-18 02:00:00,78.55807439044445,0.6328194141849058,228.18777643754862
2025-01-18 03:00:00,69.37678954081065,0.555623000940066,235.37931918412554
2025-01-18 04:00:00,67.32942914632189,0.5455887772081608,208.77455193755586
2025-01-18 05:00:00,81.38838410949255,0.7165002344901084,210.82497178985736
2025-01-18 06:00:00,76.66157005989795,0.4356481769619857,230.17661466843504
2025-01-18 07:00:00,71.25756731721724,0.5927840128081238,222.71495310825648
2025-01-18 08:00:00,82.75575987761262,0.5057013124897084,225.51476275239523
2025-01-18 09:00:00,75.57837317146429,0.5268592278863257,223.40589216400497
2025-01-18 10:00:00,80.89648592031914,0.6528468426412531,223.90695920928144
2025-01-18 11:00:00,75.33759240705055,0.5507835756289624,206.73527871688918
2025-01-18 12:00:00,85.30373962440993,0.5538296079049633,230.47317706621448
2025-01-18 13:00:00,97.6372643044627,1.2117631179060457,190.18982441834706
2025-01-18 14:00:00,73.75517925760464,0.46350472704571144,217.70609255931973
2025-01-18 15:00:00,79.85785475477178,0.41607903326609935,219.56523050186138
2025-01-18 16:00:00,78.22687974792574,0.39551908059789664,204.68892497444278
2025-01-18 17:00:00,81.84315778766174,0.30336434106239984,225.14254756017834
2025-01-18 18:00:00,70.17538269709948,0.7056207129940322,225.72057441714145
2025-01-18 19:00:00,78.43025729999219,0.3896791634278317,219.3780898300069
2025-01-18 20:00:00,80.29212243424794,0.4778746376414228,231.24353359870503
2025-01-18 21:00:00,66.20630256788442,0.47231867001110794,216.6592276902006
2025-01-18 22:00:00,69.08370743667112,0.5307406697809101,225.646059258936
2025-01-18 23:00:00,64.8038391111995,0.5815737212539297,209.80335661307885
2025-01-19 00:00:00,73.65296582777721,0.5860473488359745,219.76447849125762
2025-01-19 01:00:00,78.58771127897981,0.44169225614310614,218.25645742097163
2025-01-19 02:00:00,82.51178526048014,0.48328782862135883,222.2530792204094
2025-01-19 03:00:00,75.37047390209888,0.52825799504883,216.30473071166642
2025-01-19 04:00:00,83.14307772785646,0.4751308873816453,218.68527404328333
2025-01-19 05:00:00,68.09949270892554,0.6607345576019993,228.26047171441508
2025-01-19 06:00:00,66.48308780322422,0.5490974951638251,215.63235762761784
2025-01-19 07:00:00,74.72226150551691,0.5734877786049818,203.9342289926132
2025-01-19 08:00:00,76.92032724469654,0.5662881268667412,237.4958390420542
2025-01-19 09:00:00,74.83652625952953,0.6173473857485325,233.81454078690487
2025-01-19 10:00:00,64.66278949980062,0.5181021558703707,207.07737304894383
2025-01-19 11:00:00,74.55439980243605,0.37031680520441534,226.89707805245195
2025-01-19 12:00:00,68.47765249747573,0.5399687951752642,214.97025229448656
2025-01-19 13:00:00,78.3483627441502,0.4348643106208171,222.6348721533106
2025-01-19 14:00:00,76.83299123048424,0.4471383318250243,222.94224129013494
2025-01-19 15:00:00,70.30060106836322,0.5586364018755093,217.65592199683678
2025-01-19 16:00:00,72.43066541331653,0.6238283071433636,212.16234334413605
2025-01-19 17:00:00,69.70393239055524,0.5021271576736062,213.0945894768374
2025-01-19 18:00:00,74.68660451363414,0.5308833012598964,210.83808084518756
2025-01-19 19:00:00,79.77571160250619,0.6702214944635239,211.68177791769554
2025-01-19 20:00:00,70.07136976832228,0.5240753179488569,219.32821709950645
2025-01-19 21:00:00,77.52023257758923,0.7601683114180395,212.8424001088925
2025-01-19 22:00:00,72.3487119081378,0.5565509645631544,226.8205206571262
2025-01-19 23:00:00,71.03563583868828,0.3239237240844182,234.87246155335927
2025-01-20 00:00:00,74.46484820022721,0.5753341621104533,214.19946758629956
2025-01-20 01:00:00,69.82378838790314,0.5381158384882778,222.39404500535377
2025-01-20 02:00:00,72.23175347326409,0.6289752754082746,224.99685110302934
2025-01-20 03:00:00,69.01061053705575,0.5673181351269958,224.72002270919273
2025-01-20 04:00:00,84.82362566458195,0.4861544016016226,220.75955267916086
2025-01-20 05:00:00,75.17631775985865,0.37757017637106344,227.42682418359723
2025-01-20 06:00:00,71.50137246003708,0.4790976742713975,224.82248952680658
2025-01-20 07:00:00,76.0698995536711,0.41494795457906997,207.62337577672702
2025-01-20 08:00:00,74.43835975154585,0.4419476550195277,228.69156064389273
2025-01-20 09:00:00,73.89515200233389,0.558857840442061,228.8729083726674
2025-01-20 10:00:00,78.07083350021712,0.6669904504351406,212.36713895821418
2025-01-20 11:00:00,78.78753855023652,0.5394671529822981,220.37937835447602
2025-01-20 12:00:00,72.34749426194736,0.38041169379648154,226.8332899281107
2025-01-20 13:00:00,72.1209087967766,0.5444602668220141,217.9068618042064
2025-01-20 14:00:00,73.62474151424178,0.6196631486645652,230.7297804776601
2025-01-20 15:00:00,63.49039417632208,0.43902170956806175,243.6387249461936
2025-01-20 16:00:00,67.42404468900725,0.4865982833327082,212.14013967365017
2025-01-20 17:00:00,81.83437133722262,0.5014688194729197,206.18955396846226
2025-01-20 18:00:00,83.22483856750642,0.421510168691776,223.03818595604875
2025-01-20 19:00:00,73.75481980221811,0.5648280433843859,227.21562505126144
2025-01-20 20:00:00,77.88278481527882,0.4879051851392218,217.69133626155232
2025-01-20 21:00:00,76.55625077271768,0.5419532443907028,234.53260663321035
2025-01-20 22:00:00,90.3944040422762,0.41125078221979,206.61394200276752
2025-01-20 23:00:00,80.59787455717289,0.45625416996765894,226.9291862303161
2025-01-21 00:00:00,74.36041204259617,0.5722381357827772,213.94139179241105
2025-01-21 01:00:00,70.22229779699788,0.4627166847908233,237.19377906207296
2025-01-21 02:00:00,66.96776839871214,0.6726963851233405,239.9251535316812
2025-01-21 03:00:00,76.01731817933612,0.46003638143853975,212.33343412216652
2025-01-21 04:00:00,71.21824627357849,0.5224684725751886,214.5044286409142
2025-01-21 05:00:00,67.88873145201163,0.593259083187309,228.595878869798
2025-01-21 06:00:00,71.76713557878736,0.3581634267066968,216.12869350210485
2025-01-21 07:00:00,69.59225998192802,0.32391911880192237,219.54588782067762
2025-01-21 08:00:00,83.43570817536282,0.3474343685429905,220.2538842054241
2025-01-21 09:00:00,79.40819878474726,0.6262584103427182,200.80326843802345
2025-01-21 10:00:00,74.96013679341691,0.44481418541075535,219.86162253905763
2025-01-21 11:00:00,82.39972069445012,0.7558199285668252,213.10272225935827
2025-01-21 12:00:00,75.38684153823809,0.44357524013426114,215.06877177600228
2025-01-21 13:00:00,70.69357899335868,0.5184551303197037,234.43632003468815
2025-01-21 14:00:00,82.61562038634828,0.6542109952567876,207.43493105720745
2025-01-21 15:00:00,77.69455021842329,0.7006092888159123,228.13205186747976
2025-01-21 16:00:00,69.81376922836772,0.7061503576636398,217.2103706966819
2025-01-21 17:00:00,74.04830660958196,0.6208366230593143,217.20239831504165
2025-01-21 18:00:00,70.62190873307621,0.6024062525811462,227.90371896051712
2025-01-21 19:00:00,68.08600134517832,0.5592526949201183,223.40051294568892
2025-01-21 20:00:00,79.63088773765821,0.5778361076166638,225.7061299721953
2025-01-21 21:00:00,97.74655343915971,0.7998620841723112,191.8237265123605
2025-01-21 22:00:00,68.00716213090429,0.41818011165776925,216.68691616816676
2025-01-21 23:00:00,77.81484618345286,0.49966255425890477,213.8776326549225
2025-01-22 00:00:00,71.74678715439086,0.4829815377475072,209.14849473442203
2025-01-22 01:00:00,72.56437308117651,0.4546771950672725,211.74589470021044
2025-01-22 02:00:00,72.03803037880566,0.5696387447456716,249.49094425308726
2025-01-22 03:00:00,70.68004615160092,0.595530520857051,232.44679580736786
2025-01-22 04:00:00,75.24260813972414,0.5088406886291847,206.48925633791978
2025-01-22 05:00:00,70.84524941794481,0.6477530081055262,206.7754204325643
2025-01-22 06:00:00,76.3522841288992,0.3858310885866495,224.81866061718492
2025-01-22 07:00:00,74.74880945275432,0.4806340540720282,225.47264797377966
2025-01-22 08:00:00,73.80525976566796,0.4283177679397195,225.48883835317363
2025-01-22 09:00:00,70.462181689792,0.313346338292694,217.45044206446303
2025-01-22 10:00:00,72.11614334715834,0.4917319314157301,218.745457399971
2025-01-22 11:00:00,78.77695612912878,0.48782524916167164,223.27879524159357
2025-01-22 12:00:00,77.5045859381219,0.6513449743242131,220.8589300629333
2025-01-22 13:00:00,70.11222377600724,0.5630811684554777,197.80699627252466
2025-01-22 14:00:00,75.49666152714613,0.3975813175670795,217.70200369424805
2025-01-22 15:00:00,78.75693561685894,0.6854092566334189,211.48593565739685
2025-01-22 16:00:00,66.65297359439315,0.6221033695525353,221.75211418908512
2025-01-22 17:00:00,77.71680096189968,0.5582097703468616,249.8525900260341
2025-01-22 18:00:00,71.68688120527077,0.4773515901150168,223.67481665474304
2025-01-22 19:00:00,77.8529933429658,0.404056076327652,216.864703138276
2025-01-22 20:00:00,71.18370421728741,0.4627793223928947,229.2180150197725
2025-01-22 21:00:00,65.9755894966774,0.6088748619704186,224.82687887209212
2025-01-22 22:00:00,66.86228781058419,0.6884586305934609,224.20094490451842
2025-01-22 23:00:00,75.24042473330691,0.6543243528272189,226.0685059321567
2025-01-23 00:00:00,76.2986125086074,0.45111505782137257,240.56543564829542
2025-01-23 01:00:00,70.47841687447796,0.38803825667109887,208.69111564674085
2025-01-23 02:00:00,78.19296229388686,0.5140886246911204,224.73632076811455
2025-01-23 03:00:00,66.6923996886552,0.32315606344371484,210.7361887001846
2025-01-23 04:00:00,74.66960100676341,0.5323167714184781,225.55512646342248
2025-01-23 05:00:00,68.94491900118771,0.48523974137013315,210.81313488513905
2025-01-23 06:00:00,71.7408194609892,0.4533963498131758,215.82633186394915
2025-01-23 07:00:00,75.23699335658208,0.34052969327332044,217.04910085762094
2025-01-23 08:00:00,70.69793317358024,0.5513600106569716,229.7581671934471
2025-01-23 09:00:00,73.07722227885087,0.44672991603380885,229.18454443942414
2025-01-23 10:00:00,80.0314640460722,0.3830083164289712,207.54282623553615
2025-01-23 11:00:00,72.11554065238425,0.21277377867183506,220.5493411099985
2025-01-23 12:00:00,79.1784605603257,0.4972485094949364,212.90420145250826
2025-01-23 13:00:00,69.35146572671191,0.6772251596669744,207.41495089324667
2025-01-23 14:00:00,77.64902088957642,0.666125921454787,217.8298294957563
2025-01-23 15:00:00,82.2078431032895,0.4542903743413728,216.9151721154418
2025-01-23 16:00:00,62.641777499363556,0.4397787939638219,244.26716486345524
2025-01-23 17:00:00,71.01552372264761,0.5468774256075024,224.32959825360697
2025-01-23 18:00:00,85.51417424142565,0.7857226420224821,171.71491124033247
2025-01-23 19:00:00,73.98477306978504,0.5301791899819466,214.35225995829057
2025-01-23 20:00:00,76.85572936685655,0.5766080278384691,230.213832954294
2025-01-23 21:00:00,71.9800740664209,0.6226933223884308,240.88442772869925
2025-01-23 22:00:00,75.4329489373645,0.4899845923520047,204.1401668776204
2025-01-23 23:00:00,74.2216138230396,0.4796326249823034,201.20075614860954
2025-01-24 00:00:00,80.83891030829903,0.4122017413243439,238.70965175371782
2025-01-24 01:00:00,76.27210421650607,0.417311964596014,223.89614177370905
2025-01-24 02:00:00,76.68801331037601,0.4773521108098473,211.31707268123634
2025-01-24 03:00:00,72.94061516938767,0.5367365506816179,225.34629086122436
2025-01-24 04:00:00,72.56196887963753,0.5913584626233249,193.64252260983122
2025-01-24 05:00:00,72.8372090609019,0.4196821049319655,220.0337550659716
2025-01-24 06:00:00,76.97226071189148,0.6492688568959522,223.27821172843085
2025-01-24 07:00:00,72.89507759589868,0.4728876398957431,229.2427013953783
2025-01-24 08:00:00,76.44887428448206,0.4978632705651564,209.86104047707462
2025-01-24 09:00:00,85.37700399322719,0.42527883208521766,220.8568716140336
2025-01-24 10:00:00,79.35562351715846,0.2575759739727058,210.74575373940414
2025-01-24 11:00:00,73.3698823391608,0.588404539636105,222.55383755674316
2025-01-24 12:00:00,81.00606961081972,0.5736843897092433,211.04653677636975
2025-01-24 13:00:00,72.95962313489224,0.47186724428817867,215.9189916083978
2025-01-24 14:00:00,64.80937732411073,0.5066990717224872,210.0418460520977
2025-01-24 15:00:00,69.95956844541298,0.55159392177041,226.51136241823656
2025-01-24 16:00:00,65.64604039487072,0.34374541431134575,228.58451116656664
2025-01-24 17:00:00,73.24243257979346,0.4470947322653705,217.65379430042586
2025-01-24 18:00:00,75.09209189594776,0.5794264679621828,220.38237994960028
2025-01-24 19:00:00,83.38218656137641,0.3745710576830751,205.51408585366457
2025-01-24 20:00:00,76.63463686882082,0.5293557932166629,217.00323351993214
2025-01-24 21:00:00,73.90449735595568,0.3643418195376595,219.49795382958254
2025-01-24 22:00:00,79.14702790591744,0.5466429982433526,246.20793091029975
2025-01-24 23:00:00,63.944323454960575,0.4964358517702516,208.88032974225837
2025-01-25 00:00:00,76.17807279054283,0.33848681840944905,234.64177238752438
2025-01-25 01:00:00,78.85432596943484,0.6164739354457172,229.9685877346581
2025-01-25 02:00:00,67.60706877110078,0.42654084232019507,222.80636404490136
2025-01-25 03:00:00,80.71877021603464,0.4189747562985619,237.58620484195134
2025-01-25 04:00:00,76.69248203747208,0.5200569197230943,223.72105472606862
2025-01-25 05:00:00,72.923560430496,0.6148637349428715,223.8915919566793
2025-01-25 06:00:00,78.16390933053142,0.3984178181021603,219.46879346982453
2025-01-25 07:00:00,86.35346428902199,0.5061679849847972,232.23568882418627
2025-01-25 08:00:00,75.90933127529247,0.5428816500330573,230.96469233810885
2025-01-25 09:00:00,76.24110293150169,0.5693105607263144,213.7432271250379
2025-01-25 10:00:00,72.70319550229878,0.5176441555277225,206.80752805401232
2025-01-25 11:00:00,70.75077815267605,0.46329721609166774,217.97019362604343
2025-01-25 12:00:00,79.15167908272123,0.41724097793512804,211.99961435602353
2025-01-25 13:00:00,70.71958087045566,0.5086143883046375,219.36475425384646
2025-01-25 14:00:00,75.35783118609696,0.39278609880143933,232.3743813468414
2025-01-25 15:00:00,72.61171276617442,0.20786495165053925,215.4269834491321
2025-01-25 16:00:00,77.39489912873196,0.5436559804157668,219.57176618688425
2025-01-25 17:00:00,76.66831052643474,0.5903934841086196,220.58022734808395
2025-01-25 18:00:00,80.18769972128949,0.26370675644581615,228.48430882205284
2025-01-25 19:00:00,72.44991800572626,0.39902692952900626,197.53110666015394
2025-01-25 20:00:00,73.65062532353315,0.5619154261005198,213.93299705234702
2025-01-25 21:00:00,70.10618142108846,0.7057495469711699,222.1128369227947
2025-01-25 22:00:00,72.77853369961944,0.5020793707675408,232.00078956426862
2025-01-25 23:00:00,76.88650246522425,0.42719970587708656,215.08097552493794
2025-01-26 00:00:00,78.78494308322676,0.481710355889516,201.23447293958125
2025-01-26 01:00:00,70.38917337911187,0.6374876419148185,226.19711445966135
2025-01-26 02:00:00,79.3480296005283,0.4354035820875465,213.6463761117437
2025-01-26 03:00:00,81.77818929402476,0.42008079933497466,208.1033334090964
2025-01-26 04:00:00,77.0671745161185,0.45172564778179675,213.75654610286776
2025-01-26 05:00:00,84.38397906279033,0.4046671391741288,218.1547464234415
2025-01-26 06:00:00,71.13105400448214,0.5122670315994795,213.95255335461786
2025-01-26 07:00:00,68.77672648344291,0.6624678458469561,197.94433942900932
2025-01-26 08:00:00,66.10639875547861,0.5323079273116029,228.97066196887133
2025-01-26 09:00:00,82.48022155744592,0.47476464978737126,232.74875041278722
2025-01-26 10:00:00,78.27182828177028,0.4708188731084456,226.51521991339507
2025-01-26 11:00:00,74.72207664544773,0.3436809191303343,208.62314329575185
2025-01-26 12:00:00,76.3998431315991,0.588310977714716,217.98508466052482
2025-01-26 13:00:00,69.37255476350812,0.4922162802987198,219.93478684770542
2025-01-26 14:00:00,87.22875989808414,0.48195200864093746,225.9879438956191
2025-01-26 15:00:00,75.64610590987614,0.8193107567844862,226.6834048871808
2025-01-26 16:00:00,75.54697397302446,0.5298752908365686,212.65826201221503
2025-01-26 17:00:00,78.62883311949346,0.4248208949904816,220.8199555641356
2025-01-26 18:00:00,77.40504615868356,0.4573642403794457,224.5728040461524
2025-01-26 19:00:00,76.11942012139566,0.6148445709196755,234.55822322146767
2025-01-26 20:00:00,71.04762772277344,0.5113270410537765,227.04506539824723
2025-01-26 21:00:00,77.35734178567998,0.3561722021682633,227.89056687375518
2025-01-26 22:00:00,84.41012248237517,0.5919228934575204,220.8382662792936
2025-01-26 23:00:00,81.7271002307749,0.4331855914461006,234.10459145203504
2025-01-27 00:00:00,82.96593313319698,0.6873297776217546,224.09762795959497
2025-01-27 01:00:00,72.44392161784407,0.6080048065714648,211.3891208982643
2025-01-27 02:00:00,70.0519758987071,0.4552678104341249,234.03369970125192
2025-01-27 03:00:00,74.37106539950176,0.6281016361735113,226.97903272539028
2025-01-27 04:00:00,75.27862456144348,0.5067855510527404,215.56955978871517
2025-01-27 05:00:00,80.47095759235474,0.5852773675122219,215.20507032600756
2025-01-27 06:00:00,66.5376768514259,0.5484732817294475,222.96575545140763
2025-01-27 07:00:00,82.64775159730307,0.41536433450091265,224.63184795267586
2025-01-27 08:00:00,74.20996050710505,0.4356450167682538,221.97292265631205
2025-01-27 09:00:00,72.8655946502629,0.6029960817581161,223.11308673442886
2025-01-27 10:00:00,69.93947812369916,0.4665224667893459,236.9995737457638
2025-01-27 11:00:00,66.72571664067115,0.4596351536758003,230.71543152234887
2025-01-27 12:00:00,79.11585291980957,0.4044877420650647,221.90635591265024
2025-01-27 13:00:00,75.36658983594202,0.5423599065593461,229.41310580767484
2025-01-27 14:00:00,68.55019550129472,0.7062524919243145,209.6747609647246
2025-01-27 15:00:00,68.52460613968192,0.3932467085745727,223.9792704994681
2025-01-27 16:00:00,73.32107650354936,0.5024219456672758,238.09306349733112
2025-01-27 17:00:00,83.34510762644696,0.6412220555415429,217.81954104607627
2025-01-27 18:00:00,73.70204324318198,0.4920358608754285,211.52366071380916
2025-01-27 19:00:00,67.48428523440947,0.5452371796249734,213.47911111406938
2025-01-27 20:00:00,73.77128467957027,0.393760647185312,209.1036696265761
2025-01-27 21:00:00,73.63638215126164,0.5428307097207649,212.15238091872297
2025-01-27 22:00:00,61.515566785292144,0.48128557349954515,216.29491901409972
2025-01-27 23:00:00,74.72852566741093,0.5985729995679863,205.94432980821358
2025-01-28 00:00:00,73.84532734895662,0.6187386051564752,220.15618333949604
2025-01-28 01:00:00,78.48103182406709,0.7589563642018614,229.02277173786646
2025-01-28 02:00:00,84.24478047472672,0.5579633173213576,210.92243819853078
2025-01-28 03:00:00,80.63282514773879,0.5325796316582166,235.19283923641768
2025-01-28 04:00:00,73.65555654722584,0.5194384301577336,225.10792088527595
2025-01-28 05:00:00,69.46737045629165,0.4646833707189312,230.30580585624057
2025-01-28 06:00:00,87.8667990162493,0.5338483843461691,213.42165446147862
2025-01-28 07:00:00,75.29609217007244,0.47045985898609705,228.54525227066617
2025-01-28 08:00:00,75.06964645956474,0.5168460976269614,209.08066099604687
2025-01-28 09:00:00,74.87937456444999,0.631759753560796,228.9024750083651
2025-01-28 10:00:00,75.99042380383928,0.3993457434720359,221.7183933979353
2025-01-28 11:00:00,74.27819794038028,0.6139878561129045,225.53251219984784
2025-01-28 12:00:00,72.13168996559882,0.6317115067339866,208.24405394375148
2025-01-28 13:00:00,72.26570529379804,0.48819314730089214,211.04930157723396
2025-01-28 14:00:00,74.83623364892001,0.2878145100991405,225.97228218253386
2025-01-28 15:00:00,72.28287614433117,0.43921780129055676,210.516519957758
2025-01-28 16:00:00,71.43577108661418,0.629699454656111,224.63206292099122
2025-01-28 17:00:00,75.53215113845948,0.4977131937701118,206.32862193539754
2025-01-28 18:00:00,73.72511391289572,0.4000697767705089,228.4817421266667
2025-01-28 19:00:00,82.51996494291345,0.44952250787717823,207.67476685231492
2025-01-28 20:00:00,61.74515095803494,0.5840620026504553,225.52299937679524
2025-01-28 21:00:00,80.45753425961232,0.554673356820138,226.25630933646002
2025-01-28 22:00:00,81.23042596248814,0.4761067900830306,213.03228181570424
2025-01-28 23:00:00,64.63304883795925,0.46331755881853126,225.82026567084728
2025-01-29 00:00:00,73.28656202959826,0.4608241850956178,222.60442263333556
2025-01-29 01:00:00,73.14279567002104,0.4077589815501497,214.61158143807262
2025-01-29 02:00:00,67.9624415264109,0.6615375689469442,209.91445315923792
2025-01-29 03:00:00,71.11091656204562,0.467767953078866,200.3737430832742
2025-01-29 04:00:00,69.44712077267086,0.6217158520825496,223.49650047299693
2025-01-29 05:00:00,83.76135221711812,0.6521316051922451,204.35197228637944
2025-01-29 06:00:00,79.6783919657373,0.599831089814796,220.95344199441308
2025-01-29 07:00:00,81.3577754749708,0.45683796872819515,217.3655178391775
2025-01-29 08:00:00,78.60836032021618,0.5403730090336609,226.79142775438194
2025-01-29 09:00:00,69.35474114391386,0.4975804393609084,216.97954500510136
2025-01-29 10:00:00,72.37739866860113,0.40962981392698716,216.70552213652908
2025-01-29 11:00:00,77.4468728061396,0.5324359281721603,227.31870704288295
2025-01-29 12:00:00,68.88936095554027,0.3820960208840197,223.35058029084118
2025-01-29 13:00:00,78.56499215086194,0.6187679388461564,223.16155957182778
2025-01-29 14:00:00,73.79837300920933,0.4535382702701607,224.69267589808527
2025-01-29 15:00:00,73.12589596225202,0.5201159655872839,204.64427876792894
2025-01-29 16:00:00,78.55479984101746,0.5283287871546142,227.56788679986983
2025-01-29 17:00:00,77.2213165574302,0.4741095026295923,226.12468794013603
2025-01-29 18:00:00,73.1951691709046,0.5586693801475274,209.83316871423503
2025-01-29 19:00:00,80.79664901682123,0.45250963433774755,217.55919526325798
2025-01-29 20:00:00,95.19752396415302,0.9433283962094436,187.73153927958407
2025-01-29 21:00:00,78.07967803472133,0.36540203197532517,218.65503215598267
2025-01-29 22:00:00,77.96550628984193,0.5126379579546412,223.33859966568534
2025-01-29 23:00:00,73.45226780343005,0.6938928999058285,234.31366781831184
2025-01-30 00:00:00,76.63066511121059,0.39996686753944255,230.8176672767283
2025-01-30 01:00:00,68.74443211807349,0.43222550294751483,206.87780806568594
2025-01-30 02:00:00,79.6201350960345,0.5513907849658914,226.22069990306048
2025-01-30 03:00:00,74.07548931778506,0.5179581781939598,233.2893331953541
2025-01-30 04:00:00,72.38638489740481,0.5350630099273559,223.86808520689203
2025-01-30 05:00:00,80.24504612918444,0.5489187130147664,230.90980425185967
2025-01-30 06:00:00,71.4782815472862,0.563472146856177,240.12270445700764
2025-01-30 07:00:00,67.9576935181822,0.6109699841956223,230.23709546106983
2025-01-30 08:00:00,67.21685413238048,0.5409818656928512,222.49308595641727
2025-01-30 09:00:00,78.0300497567282,0.47587423453814576,230.45088474084753
2025-01-30 10:00:00,68.59785323751859,0.5672573701202731,221.4488783309689
2025-01-30 11:00:00,83.77397090992183,0.6899881934895216,220.23903043284955
2025-01-30 12:00:00,64.59035296058138,0.48673662536174267,216.48585764286267
2025-01-30 13:00:00,83.48228184145019,0.40254706953293584,235.63413358832108
2025-01-30 14:00:00,76.05508733601309,0.6107080669286973,211.81571334057998
2025-01-30 15:00:00,74.51643444064804,0.48796188360464016,235.32367724678116
2025-01-30 16:00:00,72.27540456595526,0.28273304539859634,224.99864123740372
2025-01-30 17:00:00,76.99568057176036,0.5847421677150422,206.00693825198059
2025-01-30 18:00:00,74.81182648787576,0.4464671814046077,223.67649292991422
2025-01-30 19:00:00,80.5165094100826,0.4909466717695839,198.99973492348377
2025-01-30 20:00:00,75.5711382433102,0.5331980330569015,226.25508016831037
2025-01-30 21:00:00,75.75150880730939,0.5190499679779066,228.8523148298899
2025-01-30 22:00:00,73.18193893893073,0.570945181713904,214.07644044347947
2025-01-30 23:00:00,74.71527188139466,0.4564513629430157,221.23547695955583
2025-01-31 00:00:00,76.5390088444603,0.5513105798176082,239.54157433750285
2025-01-31 01:00:00,66.44915803671687,0.4740453322416083,214.94253295738062
2025-01-31 02:00:00,68.25907288947144,0.5738810480887503,209.410924129434
2025-01-31 03:00:00,78.71632047011357,0.5615367484013053,234.81663402462598
2025-01-31 04:00:00,75.85432719063971,0.40645612979554047,239.62587190530795
2025-01-31 05:00:00,74.0800833182366,0.6085982116175033,220.03695671847848
2025-01-31 06:00:00,75.09216966532696,0.4464036554885952,230.11463035408357
2025-01-31 07:00:00,76.73790852680835,0.5808057798281145,233.41475915530881
2025-01-31 08:00:00,72.30120159845319,0.5367287313401341,212.57515767461615
2025-01-31 09:00:00,71.10847637298843,0.6838183676795122,215.14694164632132
2025-01-31 10:00:00,75.9792262754884,0.4776534017628148,232.30874513154734
2025-01-31 11:00:00,70.10813611192484,0.46506832038818025,236.8501427870851
2025-01-31 12:00:00,77.04126377857236,0.4980580394112267,225.62880860174354
2025-01-31 13:00:00,66.48708197881079,0.4696820217165725,211.20185646497947
2025-01-31 14:00:00,80.14577818662822,0.579994190194205,239.8706111169944
2025-01-31 15:00:00,77.36298741206521,0.3383689391563412,214.69029102188034
2025-01-31 16:00:00,76.28014867156938,0.3946317580853646,216.6486221882855
2025-01-31 17:00:00,79.91345491972757,0.3932197078420807,223.4233783448962
2025-01-31 18:00:00,102.5903512387884,1.1138556127552128,199.94459948303353
2025-01-31 19:00:00,80.07185032509065,0.6710613372581925,228.53975976552223
2025-01-31 20:00:00,65.79562884334177,0.4895550781462529,224.1486550036191
2025-01-31 21:00:00,68.6021151663215,0.4831178276809989,224.63288530118106
2025-01-31 22:00:00,71.8759071115216,0.5070052163113181,220.43514668643465
2025-01-31 23:00:00,75.13045525105417,0.616187830260819,225.58139514518507
2025-02-01 00:00:00,98.853739688856,1.0580798732125605,160.88473464781603
2025-02-01 01:00:00,71.37128093423267,0.5238368982734785,217.03392540930201
2025-02-01 02:00:00,75.9338338223854,0.5975197629782429,222.4132193491678
2025-02-01 03:00:00,71.22308533823339,0.5501094169939845,208.48985916380494
2025-02-01 04:00:00,71.94241098504025,0.5189581616598743,223.8632331781156
2025-02-01 05:00:00,67.96669451575889,0.6001046092567142,217.95528779013878
2025-02-01 06:00:00,70.38383376944547,0.22967677070007625,237.5547569831549
2025-02-01 07:00:00,68.24157697191833,0.5677875319530907,235.73019725214857
2025-02-01 08:00:00,70.12063373511333,0.4345924316872576,215.34194430881837
2025-02-01 09:00:00,80.2682089830392,0.31693671031435433,218.49162288433305
2025-02-01 10:00:00,70.25300555584029,0.551120259952498,219.26052434391607
2025-02-01 11:00:00,88.16191032418695,0.6373658545162958,215.48340523840378
2025-02-01 12:00:00,77.46658950440445,0.48625514853723084,221.95024984028126
2025-02-01 13:00:00,75.92418061847437,0.5952874547202939,212.4171793111241
2025-02-01 14:00:00,70.70821109909393,0.6612278257988645,208.69384665062475
2025-02-01 15:00:00,78.50154939704495,0.6314914453584047,226.22711223900268
2025-02-01 16:00:00,72.12181086881112,0.6639964529371393,226.2952958422181
2025-02-01 17:00:00,75.6100490732268,0.5742127491071892,211.9568424034001
2025-02-01 18:00:00,87.80042269134397,0.5075433638901593,228.953554307626
2025-02-01 19:00:00,74.51970050137675,0.33980341881028314,213.68422270834668
2025-02-01 20:00:00,91.20533571998553,0.6641997459234237,184.9398673533272
2025-02-01 21:00:00,71.48411787437057,0.41567534046838084,228.20344012612455
2025-02-01 22:00:00,74.82505754751519,0.7170942717497814,219.66387435296286
2025-02-01 23:00:00,83.85400317817755,0.48241141875676635,224.54740912141133
2025-02-02 00:00:00,71.86516471106117,0.5123204806784486,214.8357035611243
2025-02-02 01:00:00,84.06224278998465,0.5551485376040468,218.03533416571904
2025-02-02 02:00:00,78.53875967727738,0.5043602446372454,217.9414056911966
2025-02-02 03:00:00,91.8687111684284,1.3693889105786576,183.48731374509111
2025-02-02 04:00:00,78.1620386952776,0.4377350638265548,218.23225836884217
2025-02-02 05:00:00,79.86277224813365,0.5194607455237242,204.51381701136253
2025-02-02 06:00:00,78.10904981108598,0.42575294143019515,215.08846252857896
2025-02-02 07:00:00,67.14887640054772,0.3679977488779294,217.1512450663033
2025-02-02 08:00:00,71.36431412087566,0.43882309090947147,217.4382024750462
2025-02-02 09:00:00,73.76240682224248,0.4962963202951588,217.58502554129223
2025-02-02 10:00:00,74.62783285449977,0.457069777548274,219.3823580013987
2025-02-02 11:00:00,78.10336048775339,0.4307579020126144,224.79441518086065
2025-02-02 12:00:00,75.88850500466627,0.3593682536328166,228.74517074132524
2025-02-02 13:00:00,68.32327820644949,0.4916894427371305,213.50234773151732
2025-02-02 14:00:00,76.90098925502981,0.3495279625968998,207.96799144610856
2025-02-02 15:00:00,78.05292872641911,0.5760055963689603,209.57955587756896
2025-02-02 16:00:00,77.7989522396552,0.5082439752934503,215.12797078805073
2025-02-02 17:00:00,80.4039036277731,0.3542448500535069,216.4807868218349
2025-02-02 18:00:00,79.16961077274452,0.46907909229501366,212.3000393380254
2025-02-02 19:00:00,77.29590039614219,0.4247843594409417,207.03883335750106
2025-02-02 20:00:00,74.64917144270676,0.531917451041918,215.4387917252581
2025-02-02 21:00:00,66.69519533242004,0.6340450446023145,221.8142662011397
2025-02-02 22:00:00,77.14809109566293,0.3124827530354255,225.95029465835566
2025-02-02 23:00:00,76.03843843581555,0.5115026079147417,214.4257694689168
2025-02-03 00:00:00,99.1518845334663,1.0237766597399978,180.5590557557196
2025-02-03 01:00:00,68.61625712089845,0.5671340076450466,210.7330169115269
2025-02-03 02:00:00,69.59471729795868,0.521319662823769,219.68560829625224
2025-02-03 03:00:00,80.26576426666452,0.42480306682611807,211.51571365809184
2025-02-03 04:00:00,74.80222423071673,0.46809460643333817,225.731278132412
2025-02-03 05:00:00,78.40750348686312,0.4203974143196511,202.14133508065888
2025-02-03 06:00:00,75.1415918806523,0.6076007138598598,216.40370327547538
2025-02-03 07:00:00,75.14878069747873,0.5021311648671942,223.01107339191742
2025-02-03 08:00:00,79.69141902988,0.6901190685753007,221.83834516322506
2025-02-03 09:00:00,72.41977635891313,0.4939339186185379,246.93033663980498
2025-02-03 10:00:00,75.48060388470492,0.42915932330895373,223.49800024567907
2025-02-03 11:00:00,72.6886235564748,0.3486285607387173,209.9594540315799
2025-02-03 12:00:00,72.82751886283842,0.3196860323744055,219.04535752910928
2025-02-03 13:00:00,73.4541393826568,0.341586405699451,202.23753666533548
2025-02-03 14:00:00,76.11066885816857,0.5267126651011483,219.1940025070324
2025-02-03 15:00:00,72.60625689168262,0.5508725023229933,211.66943942999242
2025-02-03 16:00:00,81.2787806278676,0.34188092979678664,229.15390275560162
2025-02-03 17:00:00,70.52696348890248,0.5895038314076115,214.50459725404465
2025-02-03 18:00:00,74.0656417791932,0.45169389483165606,218.83234084204753
2025-02-03 19:00:00,72.80134470862913,0.514679301198555,213.64442158595597
2025-02-03 20:00:00,82.23488942176867,0.6612220628255424,237.3885135185333
2025-02-03 21:00:00,75.98277388255788,0.5896839315865532,216.7875723388209
2025-02-03 22:00:00,80.15922269734317,0.47314693520941675,238.325570434792
2025-02-03 23:00:00,67.57219813481514,0.41088077745847124,228.14151762118266
2025-02-04 00:00:00,76.33525132934629,0.2848184598670695,224.82066727335385
2025-02-04 01:00:00,79.44815397811719,0.42808466807575796,223.6873314731752
2025-02-04 02:00:00,75.41141994637712,0.4788869761172306,223.9379729821625
2025-02-04 03:00:00,80.32740187532676,0.4012820472848816,200.7232742065439
2025-02-04 04:00:00,72.41355774949814,0.48687430329076953,217.21116605849244
2025-02-04 05:00:00,82.0467372009279,0.5076851882958768,228.4515797118432
2025-02-04 06:00:00,86.49449061809625,0.47751440181919214,219.51102816525895
2025-02-04 07:00:00,73.18580719780171,0.434999741917654,205.94810153196426
2025-02-04 08:00:00,72.77248739299614,0.5168654671966728,219.4759554942253
2025-02-04 09:00:00,82.2669223855885,0.5441940649569409,237.04105516255493
2025-02-04 10:00:00,82.89786072865357,0.3909600922557154,232.46891715534719
2025-02-04 11:00:00,72.38569986423366,0.641093237974627,219.37995990633968
2025-02-04 12:00:00,72.89906591452072,0.4901411867715738,229.51449277058086
2025-02-04 13:00:00,73.59107695569746,0.5018849622944848,216.33492979631947
2025-02-04 14:00:00,68.27774744482862,0.5708214423256557,202.9612841317328
2025-02-04 15:00:00,70.40674026757901,0.5233216131263502,210.75534011870445
2025-02-04 16:00:00,69.97929616623966,0.5953136633913245,235.62888768508196
2025-02-04 17:00:00,71.16101217447935,0.5287124165201824,217.26006918170697
2025-02-04 18:00:00,74.8265755630661,0.43875626253595623,217.56616020624983
2025-02-04 19:00:00,76.1710736626826,0.5361503525206102,217.0016180372512
2025-02-04 20:00:00,82.75250246407039,0.38562737926793383,239.04136589573008
2025-02-04 21:00:00,70.00822979630604,0.5108559705776523,236.25958915362062
2025-02-04 22:00:00,79.92161199238292,0.49667700093555395,242.18780233448135
2025-02-04 23:00:00,73.93005577887246,0.47918831427274605,218.40954789599948
2025-02-05 00:00:00,74.75268145173783,0.4871462488561069,222.95624488747094
2025-02-05 01:00:00,78.37409746083301,0.3118150954502361,204.8335745057921
2025-02-05 02:00:00,69.3863898921885,0.44512750922590383,234.76934426118274
2025-02-05 03:00:00,76.91204873092025,0.5092844901141115,208.32220448732065
2025-02-05 04:00:00,75.83226104106528,0.51598563919974,222.1677556376263
2025-02-05 05:00:00,77.46225632004075,0.3972324859074042,209.02697472367157
2025-02-05 06:00:00,76.44584321953909,0.62657078408647,214.11133173261305
2025-02-05 07:00:00,87.27650069955448,0.4133825151785499,211.627375689503
2025-02-05 08:00:00,71.81130007874341,0.5969457200526737,213.92124739324183
2025-02-05 09:00:00,72.34501522499092,0.5427194361871684,214.6087729685102
2025-02-05 10:00:00,71.88429736787617,0.4353772690156197,214.51731205074924
2025-02-05 11:00:00,72.22261440419872,0.6775310892609512,228.33333911780306
2025-02-05 12:00:00,71.81306436346742,0.380636316824352,208.9513720693748
2025-02-05 13:00:00,80.94508265553776,0.5919154173610002,222.20541427013868
2025-02-05 14:00:00,82.10252123994927,0.6000582318042978,232.1795915230556
2025-02-05 15:00:00,72.14626853125262,0.4329379790923355,214.86803635486604
2025-02-05 16:00:00,70.83822213447885,0.639246530006433,212.82081109252397
2025-02-05 17:00:00,77.35707778193202,0.4749953485401047,217.69475374819748
2025-02-05 18:00:00,72.23888477859515,0.5288693629279857,231.7972520836071
2025-02-05 19:00:00,78.16465908877755,0.526032183877122,221.94107630953357
2025-02-05 20:00:00,76.01461510425649,0.4865691258529452,214.687857053924
2025-02-05 21:00:00,67.42127942501384,0.5810808273159782,224.8387665118804
2025-02-05 22:00:00,82.73752600665031,0.5793488720552213,208.97707850163576
2025-02-05 23:00:00,83.9793883654776,0.3251468026761819,226.81359510442948
2025-02-06 00:00:00,71.93605654757806,0.6304340242878153,224.0860730770177
2025-02-06 01:00:00,73.06149220032007,0.3337508011964325,216.92191528861116
2025-02-06 02:00:00,76.42932695362452,0.6032546204341658,211.6141420155277
2025-02-06 03:00:00,76.67228394993512,0.6126705136827584,211.13319077716542
2025-02-06 04:00:00,78.29272136336415,0.39090335697848017,225.3481733634591
2025-02-06 05:00:00,85.05102269383175,0.4589185712045415,232.28980502489063
2025-02-06 06:00:00,74.11526386252976,0.38942953315140644,213.62692252971206
2025-02-06 07:00:00,71.00851377730773,0.47850789697112645,224.58386703551486
2025-02-06 08:00:00,68.10340385992737,0.46919657158142586,199.1297298139793
2025-02-06 09:00:00,71.3453498002904,0.577966053226934,214.153822693428
2025-02-06 10:00:00,74.83436513563102,0.6310308746119608,219.68941067129097
2025-02-06 11:00:00,83.97278931758893,0.6395683810789956,210.90316583018165
2025-02-06 12:00:00,72.41194350481915,0.44378319734216976,210.63493625210404
2025-02-06 13:00:00,76.11893975819449,0.4790778126255472,213.32220443531114
2025-02-06 14:00:00,74.91788551963624,0.33165618077790493,222.92192728326373
2025-02-06 15:00:00,80.94196636724043,0.4194129933503811,218.12670981593627
2025-02-06 16:00:00,87.63466212936811,0.5964851633097458,197.61768766675027
2025-02-06 17:00:00,72.3456561353984,0.6615582823548232,198.79299847364933
2025-02-06 18:00:00,72.5528027874089,0.3765651128120078,213.93134822142824
2025-02-06 19:00:00,80.22080438534536,0.44075357408471055,224.57686586053552
2025-02-06 20:00:00,78.40945744813156,0.4973594243041073,192.52495157274765
2025-02-06 21:00:00,84.23353662868017,0.5280161158819607,215.0026982384837
2025-02-06 22:00:00,77.91964092662982,0.4190396480078354,214.7375214348258
2025-02-06 23:00:00,73.2035395460647,0.542406104446409,233.88337778208447
2025-02-07 00:00:00,77.95327415346155,0.4526160652929084,216.14978188287137
2025-02-07 01:00:00,80.54351790291454,0.4985547729121721,223.82988984740928
2025-02-07 02:00:00,96.06076398406317,1.1505643727023627,199.62726669117114
2025-02-07 03:00:00,77.53637015553649,0.5006422269810937,198.694335201928
2025-02-07 04:00:00,80.33337344794577,0.4563614109473431,227.68207216631737
2025-02-07 05:00:00,80.84647795222837,0.4890390196074169,222.1539650545629
2025-02-07 06:00:00,81.91079495518764,0.49116370407946647,225.08268639674588
2025-02-07 07:00:00,78.24354943794822,0.4629988970117872,259.26237706436325
2025-02-07 08:00:00,74.16440959841573,0.47412039373328974,199.1588706050141
2025-02-07 09:00:00,88.53983883192515,1.2897641900223196,191.02198308860096
2025-02-07 10:00:00,81.03254483254179,0.5560919447941238,217.12552480599643
2025-02-07 11:00:00,70.91532164506381,0.47045196819708396,222.8732890440301
2025-02-07 12:00:00,76.8433665443645,0.5696954404510736,219.54487754698758
2025-02-07 13:00:00,73.0333059383632,0.466618051024399,215.75763666601955
2025-02-07 14:00:00,75.14372411467409,0.6173124637586641,214.3016707176124
2025-02-07 15:00:00,81.39225931303649,0.5369642192198094,223.2950873557301
2025-02-07 16:00:00,75.95549534009952,0.4892697855995771,204.8282630332832
2025-02-07 17:00:00,75.23218274078074,0.5447716925810278,227.50579167521767
2025-02-07 18:00:00,68.2007192951004,0.34291238479315006,215.83805595114745
2025-02-07 19:00:00,78.7312678301361,0.3873232531090195,208.69930660959642
2025-02-07 20:00:00,78.22742090570537,0.38060749936009447,215.49987142004187
2025-02-07 21:00:00,85.8162736165273,0.5142943094763707,232.57149216862572
2025-02-07 22:00:00,73.461108825235,0.6732514999485092,214.64664912983778
2025-02-07 23:00:00,76.0957516383197,0.7231300146192632,223.5845361820962
2025-02-08 00:00:00,76.24691841855378,0.5638051101440757,212.69043724284526
2025-02-08 01:00:00,82.88726639881737,0.5500844474944457,227.5792184992362
2025-02-08 02:00:00,74.52352233806523,0.3198942265847261,226.85507738790204
2025-02-08 03:00:00,76.39510762885169,0.4457326200265978,238.48608833296413
2025-02-08 04:00:00,78.0394825485827,0.42122162480917613,218.24436054500785
2025-02-08 05:00:00,75.9330456157818,0.43791524017488836,226.68654804757907
2025-02-08 06:00:00,72.76783192724736,0.48318561814152106,220.98067539538945
2025-02-08 07:00:00,75.97044996449154,0.45279094223028726,232.95871781863013
2025-02-08 08:00:00,80.36815874929886,0.30207001896242125,212.8116761239127
2025-02-08 09:00:00,69.8674235029447,0.5747910256117534,227.45005312877282
2025-02-08 10:00:00,75.66484837073438,0.39272569742601937,218.0530270388332
2025-02-08 11:00:00,71.49939592530413,0.523924686411115,219.35811822891503
2025-02-08 12:00:00,91.51914064409046,1.2474112372093469,198.9849886465786
2025-02-08 13:00:00,67.38406547608113,0.40806154084135765,222.52240396426677
2025-02-08 14:00:00,72.20539076364206,0.246971247725367,218.8377095687804
2025-02-08 15:00:00,76.8860593753226,0.47139957781198893,222.14713183170525
2025-02-08 16:00:00,82.8276201461717,0.6100959634998571,235.78118057562185
2025-02-08 17:00:00,74.67124869463507,0.6958347454220594,229.8544968561522
2025-02-08 18:00:00,72.22400236653401,0.3770450405547583,228.69154592496898
2025-02-08 19:00:00,84.40578534720295,0.5496699223236522,215.4446047397613
2025-02-08 20:00:00,67.75993049791877,0.45346895432199463,211.10759171771676
2025-02-08 21:00:00,64.00597021689958,0.48940516456958644,229.55300558237752
2025-02-08 22:00:00,77.20007225026666,0.7644343347017035,228.76046792529795
2025-02-08 23:00:00,72.48972887823695,0.34970296716048466,234.72670675750982
2025-02-09 00:00:00,69.89383591434644,0.5253739661494573,213.96019374030772
2025-02-09 01:00:00,78.54178223649677,0.5467693171765433,217.70451344639653
2025-02-09 02:00:00,76.219003568856,0.6085786324939347,203.60515837474566
2025-02-09 03:00:00,72.17960684631636,0.5097983153470895,216.07528893939127
2025-02-09 04:00:00,68.59847800664552,0.5308050539504102,229.96570510579448
2025-02-09 05:00:00,79.36228664140073,0.4608351432578209,215.33504620771802
2025-02-09 06:00:00,78.2510058897933,0.5269126941245107,226.40479795200824
2025-02-09 07:00:00,74.50412068110309,0.46568077245025896,218.0949689400219
2025-02-09 08:00:00,84.23318498023833,0.5621571889856051,223.2405702822156
2025-02-09 09:00:00,69.64957616836924,0.4630389663956366,208.52308610184332
2025-02-09 10:00:00,67.37237414537631,0.5377100393902187,220.85209449633902
2025-02-09 11:00:00,71.54045965059377,0.4970737186315022,190.08864029099277
2025-02-09 12:00:00,74.77206991822251,0.6126050250772168,218.13103841838014
2025-02-09 13:00:00,76.21669724661346,0.49486062764115135,203.69526756284858
2025-02-09 14:00:00,73.79381971071835,0.32269675317931185,232.05994516546815
2025-02-09 15:00:00,76.76027698257148,0.6261921500713992,227.7740735276451
2025-02-09 16:00:00,68.74230287904778,0.4094267699137381,224.6667098196608
2025-02-09 17:00:00,82.2188230203663,0.434623366135118,235.2100622715938
2025-02-09 18:00:00,74.58924410803715,0.44043387059565076,210.51083479175162
2025-02-09 19:00:00,80.58647915794064,0.6374438093170818,237.47363197915558
2025-02-09 20:00:00,76.71362673188852,0.28643257860213045,229.32191564260384
2025-02-09 21:00:00,77.28376609576893,0.8137748533659994,217.63444712781055
2025-02-09 22:00:00,77.84883640116102,0.6056056809066052,231.35620147182945
2025-02-09 23:00:00,77.23854280008658,0.522323891412916,208.93706487588366
2025-02-10 00:00:00,78.21361379933772,0.4945105999383714,211.75485838472326
2025-02-10 01:00:00,81.64576265066216,0.5285554074857657,213.914102767603
2025-02-10 02:00:00,75.98260584850735,0.5521122428379338,214.71022291935984
2025-02-10 03:00:00,78.54501878794257,0.5645215585950057,209.43442357239746
2025-02-10 04:00:00,74.55132152856386,0.5555604466003449,232.23083067095325
2025-02-10 05:00:00,82.20058607724737,0.5089580681255249,217.4114559963017
2025-02-10 06:00:00,71.61803848970365,0.4802661579692674,223.5250496835688
2025-02-10 07:00:00,98.69550174475066,0.6870433880548231,201.22330249097257
2025-02-10 08:00:00,74.79921024677829,0.4805091719647319,201.79396699451482
2025-02-10 09:00:00,67.84612448940976,0.6133770096867065,222.70057358391423
2025-02-10 10:00:00,75.64052207455394,0.5593556722280861,200.87745024580224
2025-02-10 11:00:00,71.59474171262559,0.20596113653357195,219.3136595391453
2025-02-10 12:00:00,79.20321774494361,0.5655900776529761,206.3168496116719
2025-02-10 13:00:00,71.73688010348805,0.5194736194718775,239.8727599923081
2025-02-10 14:00:00,72.7690828339261,0.49812912435541024,229.1136272217472
2025-02-10 15:00:00,65.55229634527234,0.4611481546911114,221.0575379127148
2025-02-10 16:00:00,72.73846840375461,0.6124112719986013,232.63706677654667
2025-02-10 17:00:00,62.88060336685522,0.5947526462122859,211.53684022534264
2025-02-10 18:00:00,67.08048588257138,0.42271223321763907,225.43479378670094
2025-02-10 19:00:00,78.80207328072149,0.5407052287124535,221.99810433718713
2025-02-10 20:00:00,78.92900079325416,0.40283432654587137,222.6402008133367
2025-02-10 21:00:00,77.12728780892482,0.36203818352110695,232.7235350010677
2025-02-10 22:00:00,70.16511928435393,0.43732827754100345,227.324921027798
2025-02-10 23:00:00,74.7614432192901,0.5862393472382759,222.88723662825024
2025-02-11 00:00:00,74.98198730454716,0.5953125045376086,203.45112563771704
2025-02-11 01:00:00,69.20817655403728,0.5513085420097293,210.39953704720537
2025-02-11 02:00:00,82.51699150883576,0.5725095786847997,218.77291066404277
2025-02-11 03:00:00,79.38681145287836,0.5516178287114959,220.93372374276652
2025-02-11 04:00:00,73.89517913085169,0.43585184047770476,208.69796275326075
2025-02-11 05:00:00,75.13442919497265,0.543192254467394,244.11676675578423
2025-02-11 06:00:00,100.0894886323308,1.2453692596007475,207.9302992441502
2025-02-11 07:00:00,64.79132565787855,0.5754291329813574,226.02118320392483
2025-02-11 08:00:00,73.76411308739702,0.6188913371474642,220.72036861283746
2025-02-11 09:00:00,71.59007876001101,0.5708303847201064,217.87791030098848
2025-02-11 10:00:00,87.88899486502027,0.7225269211220754,170.43704905214634
2025-02-11 11:00:00,73.59449853557022,0.6070150238316427,220.77480518518863
2025-02-11 12:00:00,83.98843263424762,0.497347874075094,222.5775254014275
2025-02-11 13:00:00,78.20421430633505,0.41181253487722824,207.58239424518376
2025-02-11 14:00:00,72.14410505108602,0.4836933036056236,223.34176417244896
2025-02-11 15:00:00,77.86291390678079,0.4255097355193551,218.4474095117525
