time,temperature,vibration,load_current,partial_discharge,anomaly
2025-01-01 00:00:00,57.920918950606726,0.4139503725604537,86.7986501901828,5.872820477374749,0
2025-01-01 01:00:00,64.63934382737607,0.498878701181771,74.2428984539869,7.007603779271066,0
2025-01-01 02:00:00,54.27823395827279,0.5041562792633555,108.81705781014207,6.807465568596822,0
2025-01-01 03:00:00,60.34768161543481,0.5228940215164548,110.05898409002197,7.793183125044495,0
2025-01-01 04:00:00,59.51192560550773,0.5419550441913913,108.28178027867494,8.496360916138519,0
2025-01-01 05:00:00,52.422367693072054,0.33968837440697963,80.25255791044465,6.915853730672476,0
2025-01-01 06:00:00,59.761459216620516,0.3714878501435377,101.25381048076716,3.9942142824733353,0
2025-01-01 07:00:00,57.08697739716931,0.3832815746152338,108.96040719599499,5.338962094841227,0
2025-01-01 08:00:00,67.06887363746463,0.5092608001226494,114.28240335286188,0.48606923104660726,0
2025-01-01 09:00:00,57.948719820394565,0.47156241409193395,109.4244207863141,6.275160275563623,0
2025-01-01 10:00:00,61.75435267296357,0.27322754318649545,114.47701186546678,5.298531020786596,0
2025-01-01 11:00:00,53.84479008592329,0.6947044808472029,116.0106976225945,8.190456091806896,0
2025-01-01 12:00:00,61.18284446706612,0.30110309322541573,101.5729754961792,3.5132814767487703,0
2025-01-01 13:00:00,57.92476845695225,0.5030423680042476,107.47795288233509,6.031031268030185,0
2025-01-01 14:00:00,56.11861758016012,0.5563373041764883,114.99515645360557,2.9933118725078263,0
2025-01-01 15:00:00,74.16946115968722,0.4280213025650778,105.85188307401395,4.77993315148058,0
2025-01-01 16:00:00,58.23275485625065,0.5639959690661533,117.9849622248324,1.7294682280202625,0
2025-01-01 17:00:00,58.9402553533803,0.39918225206151836,113.11744492597343,7.712092693262884,0
2025-01-01 18:00:00,64.50996726375068,0.5171101401932677,90.51322909073701,7.105298777295522,0
2025-01-01 19:00:00,56.15786659236998,0.2819453177508508,80.41000141397156,4.054631223126016,0
2025-01-01 20:00:00,62.016361387054346,0.6173229091293498,100.28961293839195,5.523670641143074,0
2025-01-01 21:00:00,62.5516020622209,0.5000875586240621,82.28304305142025,5.076971056681854,0
2025-01-01 22:00:00,61.22350213230854,0.34052875954571804,101.24688726818874,3.7752124305573713,0
2025-01-01 23:00:00,71.4816965796468,0.5628754314527846,99.88896405999023,5.2463873227295945,0
2025-01-02 00:00:00,55.978654752356654,0.6632152243845295,119.51366856124835,4.114456886627607,0
2025-01-02 01:00:00,67.6880030078699,0.4073589535406181,107.57593999425326,6.960677340435527,0
2025-01-02 02:00:00,62.36070201212783,0.47897880581035024,114.66902812430646,4.578383350987578,0
2025-01-02 03:00:00,64.54724806594967,0.4485176103639272,92.65607676326842,9.781070954291717,0
2025-01-02 04:00:00,61.706171858417136,0.4229783085268676,122.94502411431446,4.844304436911353,0
2025-01-02 05:00:00,69.39138675872093,0.4124437899566737,113.40472144183657,5.225541490170135,0
2025-01-02 06:00:00,58.399610383639356,0.4353541790479691,106.4115734212508,6.056317043423366,0
2025-01-02 07:00:00,62.48610119221684,0.4407619539512625,72.90160890648175,6.674102008471045,0
2025-01-02 08:00:00,66.52736470285339,0.4643536586196957,117.68109664007876,5.155948923637464,0
2025-01-02 09:00:00,57.205786514643705,0.45709233490295736,126.60002585506491,6.012758997389324,0
2025-01-02 10:00:00,65.00218338648347,0.5761171013073665,100.16929334740477,5.365607928340253,0
2025-01-02 11:00:00,59.9068087220283,0.5671876316492599,100.47623136435689,3.442834708507686,0
2025-01-02 12:00:00,53.82558186332811,0.34664993891880236,92.24984339449047,2.9036994004397263,0
2025-01-02 13:00:00,52.742052107250565,0.44064096406094355,75.52396900333429,6.398495244304121,0
2025-01-02 14:00:00,59.54590083312307,0.62505572465104,91.56859284777721,8.03446205002049,0
2025-01-02 15:00:00,64.95442560802174,0.5294024959610915,124.89129248287314,1.7380935734153895,0
2025-01-02 16:00:00,49.60515217516242,0.5334470705058485,116.18517043620305,2.1308752430642053,0
2025-01-02 17:00:00,61.00225019564423,0.5238978418063762,88.40937009803528,2.1115573594865182,0
2025-01-02 18:00:00,64.46188567442454,0.4738338913957542,91.3241931741484,6.5502891012228615,0
2025-01-02 19:00:00,53.61025057339401,0.4958952209360233,132.02623013395197,6.717205913248998,0
2025-01-02 20:00:00,56.83016687184999,0.4596101089135586,84.6976716620967,3.0473213614904595,0
2025-01-02 21:00:00,79.95373240543208,1.115157330358174,89.26861719134882,9.699407944759125,1
2025-01-02 22:00:00,64.24268973670993,0.4605221743246318,93.55627531612426,4.230066942383102,0
2025-01-02 23:00:00,68.02049111099518,0.4887043534770889,79.62984911437741,7.871289440198437,0
2025-01-03 00:00:00,57.0682959934997,0.5735337453252507,91.93734593732434,6.617081516644386,0
2025-01-03 01:00:00,55.92211572780911,0.46722079960728313,92.16537508790462,3.08379837267561,0
2025-01-03 02:00:00,68.26342732340973,0.49292799510997876,86.46625186803598,4.163934610629722,0
2025-01-03 03:00:00,56.22529066910124,0.46418020087122236,119.91956753961864,3.2551656947612386,0
2025-01-03 04:00:00,62.536427538003196,0.49106650765435866,82.49756072618337,2.311361404786824,0
2025-01-03 05:00:00,70.91557428216062,0.46756779590898045,97.87111114589679,4.493557446766813,0
2025-01-03 06:00:00,63.763543468030925,0.44641432734306025,86.84498255902135,2.6027996960741184,0
2025-01-03 07:00:00,63.91635108468365,0.4292047069364098,96.85039057939713,4.650105278008217,0
2025-01-03 08:00:00,66.39033052382715,0.482754923797171,86.14802505163071,8.865913381505322,0
2025-01-03 09:00:00,62.62433788942654,0.6018238211098637,101.13841947760139,6.393376315907782,0
2025-01-03 10:00:00,63.9403520080148,0.5623697067557974,104.82194630954474,3.885740222803184,0
2025-01-03 11:00:00,58.28705192931351,0.3420818323828924,121.03272810702086,3.72255335894717,0
2025-01-03 12:00:00,84.45440579251952,1.195449554997742,91.17107523156588,7.837392943836406,1
2025-01-03 13:00:00,62.06740807939781,0.43616614311401125,124.2674008535197,9.142265187521536,0
2025-01-03 14:00:00,52.609654547037294,0.34376768383999723,87.89532600040096,2.82329109785399,0
2025-01-03 15:00:00,61.21471956175408,0.5275278529100818,96.42971379326663,4.996461954281517,0
2025-01-03 16:00:00,49.15175958907722,0.49039087808312665,126.47109628662695,5.930725847463657,0
2025-01-03 17:00:00,63.56956482829431,0.7022942076306585,143.54412442758013,7.430977443249566,0
2025-01-03 18:00:00,58.83224228211809,0.46659796657623953,125.28904830935997,4.334658402974398,0
2025-01-03 19:00:00,69.52776333571866,0.4223824435102113,96.64612330144197,3.0746486118210257,0
2025-01-03 20:00:00,62.44815632345076,0.41270617053427394,107.7231285449419,5.579001444934258,0
2025-01-03 21:00:00,64.62090795511968,0.4548409346752921,110.23955321819335,7.629327461950755,0
2025-01-03 22:00:00,54.7538837497649,0.5590326624441678,105.18135728560708,4.454233394480744,0
2025-01-03 23:00:00,63.422873625179236,0.5704868081797071,84.88230176399286,3.3211643786805647,0
2025-01-04 00:00:00,56.796709886986186,0.7926157338518294,103.51873700613021,5.220413758468248,0
2025-01-04 01:00:00,65.45258837371334,0.3793418471292522,92.41231496120567,1.752825828730323,0
2025-01-04 02:00:00,54.40823886999759,0.5086234875297196,85.47380929434999,4.56268228549647,0
2025-01-04 03:00:00,60.549036764284665,0.4315718463574292,95.3294613809351,7.356051366384577,0
2025-01-04 04:00:00,54.210587840417055,0.5350499771791398,104.72997205966638,6.749693654239314,0
2025-01-04 05:00:00,60.629049767426466,0.6383157169133468,115.02074718490972,4.71227145221716,0
2025-01-04 06:00:00,70.1124345300029,0.5862111379033734,96.19107534983625,8.318658786229136,0
2025-01-04 07:00:00,63.60634040128264,0.3792395492433539,98.82085297370115,8.819749735817993,0
2025-01-04 08:00:00,59.83685749045322,0.5684657541003048,112.05893919377311,6.328172457540444,0
2025-01-04 09:00:00,47.68920438307477,0.2886649206761731,101.06307805713044,2.064457318689486,0
2025-01-04 10:00:00,57.32156440928217,0.2620080637818977,105.72327363833891,1.2401765892559995,0
2025-01-04 11:00:00,62.37326822878673,0.4750949438800313,101.16952708290913,7.766980328875045,0
2025-01-04 12:00:00,57.44571162198808,0.5610680224212462,103.04097532359535,5.489455836320034,0
2025-01-04 13:00:00,67.1357512398172,0.5348196853017979,83.81463311098152,8.271108356697795,0
2025-01-04 14:00:00,60.35769081225302,0.6905788234362669,101.83490029247284,2.322634516908992,0
2025-01-04 15:00:00,65.39297558055937,0.510932698296245,121.41793573127944,4.677629523561366,0
2025-01-04 16:00:00,61.02450428988562,0.4893141299210892,102.53487147121497,7.05838118040716,0
2025-01-04 17:00:00,58.62008928446625,0.6155192840281252,87.4937358724342,3.540425025022947,0
2025-01-04 18:00:00,57.64336748214804,0.4625867318508964,122.14795056179054,7.029570119315039,0
2025-01-04 19:00:00,54.9392298083886,0.5388748303590476,110.82057516683139,4.754440945441323,0
2025-01-04 20:00:00,65.48306591731026,0.5448976144421676,111.51441643401031,5.056121612767825,0
2025-01-04 21:00:00,57.859940339728986,0.40282319422601065,111.1078343345865,2.6327342067710062,0
2025-01-04 22:00:00,62.611484208082956,0.5387466792763421,83.10444405782522,5.502772077715033,0
2025-01-04 23:00:00,57.37127508365977,0.7185026928644429,109.71707457926236,9.385579364528748,0
2025-01-05 00:00:00,54.58485547703841,0.6136649706375545,120.76945687264815,5.776043610597261,0
2025-01-05 01:00:00,62.775704053127846,0.4160710463291521,92.79697411982444,3.416551452221809,0
2025-01-05 02:00:00,79.22450552833917,1.4778742058121286,71.07079404419859,14.193570245746123,1
2025-01-05 03:00:00,57.99756377566431,0.5689269669125308,105.48357331957206,3.4768569458141445,0
2025-01-05 04:00:00,53.756557572857055,0.5424249552975011,100.491214712941,8.442206478277395,0
2025-01-05 05:00:00,57.534383742102655,0.4902778441261917,76.78576729960669,2.450081743235709,0
2025-01-05 06:00:00,60.12053584143948,0.5682705647746898,109.08067833720283,5.54541681458256,0
2025-01-05 07:00:00,58.56254509937735,0.5111784631329856,107.95438538598916,8.052624991372298,0
2025-01-05 08:00:00,64.09113308229807,0.5019644455960847,78.00791300062538,3.2663617428117098,0
2025-01-05 09:00:00,60.72760371532756,0.4866891136482636,128.3396083356798,5.166320166798593,0
2025-01-05 10:00:00,75.43656905556172,0.5973766935939093,111.26681786170722,7.314578484708075,0
2025-01-05 11:00:00,62.12125293834426,0.5862939711242224,71.64609704969243,0.4889580553366235,0
2025-01-05 12:00:00,51.32256232416177,0.48506057863975754,112.28296098377659,6.853767501109953,0
2025-01-05 13:00:00,58.93558792044678,0.3481015416444585,111.84739105626528,4.824147018165717,0
2025-01-05 14:00:00,59.36875926125206,0.5036066060382324,121.22512096428792,7.8839083071248695,0
2025-01-05 15:00:00,56.93184380809858,0.42821236404208707,90.64186192212648,3.345005428907299,0
2025-01-05 16:00:00,60.3630541711811,0.45264206801819934,112.49954580010446,2.2264482746168497,0
2025-01-05 17:00:00,56.78301468899812,0.48751475815733314,96.45022141955032,3.9139270101407138,0
2025-01-05 18:00:00,61.66409899471598,0.39396840099689584,91.65272844791834,3.872167060771578,0
2025-01-05 19:00:00,50.45656143614588,0.338970184448884,87.02490249739913,4.5870280470678715,0
2025-01-05 20:00:00,65.72079235895957,0.5291973200066785,71.45285191039483,4.062840580899366,0
2025-01-05 21:00:00,52.10854811924795,0.5026829530924815,108.10636003795643,0.9842028524718653,0
2025-01-05 22:00:00,58.68222223991732,0.4988590921144834,95.90426376227263,4.810087260993758,0
2025-01-05 23:00:00,56.33646605451413,0.5510766588593914,59.04823277844151,5.463593419049259,0
2025-01-06 00:00:00,61.529600355237065,0.4340462127736891,101.13032799783495,4.613515115082072,0
2025-01-06 01:00:00,59.08379444632335,0.5332473431082108,117.36770277189362,5.573656490003753,0
2025-01-06 02:00:00,61.2582533283982,0.6337422041572723,80.39521811296109,5.169896156733257,0
2025-01-06 03:00:00,65.55596205727139,0.4745294059128237,89.3110137713231,2.236012897650492,0
2025-01-06 04:00:00,63.84307718833481,0.6899383760967946,106.61382564123831,4.398294502074919,0
2025-01-06 05:00:00,60.181536708707796,0.5049994427120307,61.61685654718996,5.227799837806368,0
2025-01-06 06:00:00,62.29753883319331,0.4147620758141208,91.9947805020147,4.525658737748135,0
2025-01-06 07:00:00,69.80003759407796,0.584968402492838,105.1990951070875,2.014419758742779,0
2025-01-06 08:00:00,64.02119147341338,0.48874394708538216,91.58322929114632,7.446225890136606,0
2025-01-06 09:00:00,58.53231032856391,0.605255049459834,80.52987270862513,3.0556886932103158,0
2025-01-06 10:00:00,66.38932168695065,0.5413346288688202,81.24866987359115,2.5156068107562017,0
2025-01-06 11:00:00,61.956551604097214,0.46721710308859943,75.8182970271184,5.08163713277887,0
2025-01-06 12:00:00,55.186125743664675,0.6521014941342398,90.50446899157478,4.368486325561623,0
2025-01-06 13:00:00,59.0963885490911,0.45006287956808455,115.84992923891541,6.2028831872212145,0
2025-01-06 14:00:00,52.638713182585136,0.2834381006152198,135.4283605475532,6.745307871259095,0
2025-01-06 15:00:00,48.574899480339695,0.5880579670854351,100.54274094164637,6.441129703576098,0
2025-01-06 16:00:00,55.25479854392217,0.5349931994744442,111.52372865728815,4.996433979495144,0
2025-01-06 17:00:00,60.61290534340237,0.6283719187733219,85.88766888711955,6.106594848802661,0
2025-01-06 18:00:00,60.62754437241094,0.4118326141641816,68.62522144953438,1.8799738094038339,0
2025-01-06 19:00:00,52.94212157437468,0.4752848342588208,127.77413615559175,7.188721714561565,0
2025-01-06 20:00:00,48.10619036370649,0.463995822616755,91.07351888428255,4.190340717843338,0
2025-01-06 21:00:00,67.35381237160358,0.5933762075249919,110.78062438864178,8.93987582412983,0
2025-01-06 22:00:00,60.47646559580117,0.5650850180012272,102.37691777678293,7.249599953955777,0
2025-01-06 23:00:00,67.77855988958125,0.5214800375717139,114.91886393253584,4.605428833981121,0
2025-01-07 00:00:00,67.49295548417851,0.5221244703988767,114.31146490563964,5.04282125680858,0
2025-01-07 01:00:00,63.67354833786498,0.38490288378262627,104.16588484501766,7.368123228816964,0
2025-01-07 02:00:00,60.29571790845896,0.576868213688672,105.81671814043581,0.4797623402611588,0
2025-01-07 03:00:00,58.0117459290228,0.57891210234902,118.18876872960325,4.679538433068961,0
2025-01-07 04:00:00,63.59298261625019,0.7291107174618738,93.85460685559977,8.402847480880741,0
2025-01-07 05:00:00,59.20071067082131,0.5470784974395244,123.33422442194089,6.689707180050086,0
2025-01-07 06:00:00,57.051903687197566,0.5632458686148176,89.38215628892607,3.324572250255884,0
2025-01-07 07:00:00,49.51047657855568,0.5477601127662294,101.14869896805202,5.628949222241494,0
2025-01-07 08:00:00,59.58447345791697,0.43032952327012197,109.43769786811832,3.046613609054417,0
2025-01-07 09:00:00,65.48335443748064,0.624940142981085,75.56360067054021,4.317066254276721,0
2025-01-07 10:00:00,66.29658289947525,0.4944253821876136,120.72772053689624,5.667675238154727,0
2025-01-07 11:00:00,60.26639355282435,0.48070411474332975,107.1385125178747,6.019650363214637,0
2025-01-07 12:00:00,55.55644824696637,0.48651864743056017,149.51457841452293,6.458837448423067,0
2025-01-07 13:00:00,64.513719277594,0.4934056391667044,131.21038765645446,7.46757455391921,0
2025-01-07 14:00:00,59.923172761766295,0.4513590911332948,99.83648303494428,2.6125475114484837,0
2025-01-07 15:00:00,58.171623326366955,0.5215238613187702,126.78380053714109,5.048042055499689,0
2025-01-07 16:00:00,52.72042540267097,0.49033915151431284,112.71004488031365,3.29930580405154,0
2025-01-07 17:00:00,70.51880738472897,0.48182906079731974,103.46660752770188,4.2022872057782115,0
2025-01-07 18:00:00,63.691992245302686,0.5489824954846498,75.10956311155344,3.491124780392478,0
2025-01-07 19:00:00,64.2312425428625,0.5075788687853868,78.64697288544653,5.998806973235397,0
2025-01-07 20:00:00,55.685953681959475,0.4445864053789677,100.0655537737445,7.106038419879889,0
2025-01-07 21:00:00,60.39874833744249,0.42364594129241356,92.56953059815082,7.214028447964813,0
2025-01-07 22:00:00,59.592530670202535,0.5098401666814869,103.37783837195539,2.789653837961889,0
2025-01-07 23:00:00,63.9104730550978,0.4253368160963077,120.58554746404452,4.753403907162003,0
2025-01-08 00:00:00,66.79859228072402,0.4181388247949648,112.97437308756514,2.734196214516333,0
2025-01-08 01:00:00,52.828922013215156,0.41955232619283994,89.55570875632117,2.6675435440092845,0
2025-01-08 02:00:00,54.62661201008447,0.5254984732477737,113.87436841758638,3.6765372514558488,0
2025-01-08 03:00:00,63.22868925188953,0.6193542471004938,86.28929018739223,5.686595381848309,0
2025-01-08 04:00:00,57.45985320278776,0.5347760648226891,82.86639622023336,6.037830085691291,0
2025-01-08 05:00:00,64.07437058937384,0.5886821712427384,105.72455601553052,6.308459012993476,0
2025-01-08 06:00:00,58.13470327808995,0.4930298080882177,87.78246111576374,6.18471681560895,0
2025-01-08 07:00:00,53.756126846625016,0.5142225200696383,90.37231325852039,3.304298052618469,0
2025-01-08 08:00:00,73.92088051209032,0.8283906705806977,114.90958096113218,13.14351392940787,1
2025-01-08 09:00:00,62.42063960019615,0.582870498760701,109.86450536511535,6.606560071943484,0
2025-01-08 10:00:00,62.5432527177371,0.5937026731408844,94.42291478824995,4.174619680638243,0
2025-01-08 11:00:00,64.85107871135608,0.4735795369666831,75.62351546923206,4.250160655898851,0
2025-01-08 12:00:00,61.639368031552294,0.4994732223347515,88.9725653489955,3.684916832273465,0
2025-01-08 13:00:00,41.21282339370407,0.5405664457199891,129.131170152478,2.416313464978378,0
2025-01-08 14:00:00,62.517170539234556,0.43935982377530625,114.4981062249912,6.332049711089877,0
2025-01-08 15:00:00,52.7127126774572,0.26368209389587693,121.35386426530417,6.6441235686120335,0
2025-01-08 16:00:00,50.66141000920159,0.5396466971628846,103.84037117352813,3.14789507624147,0
2025-01-08 17:00:00,50.05922690539252,0.5961366488049927,94.73427613791668,2.5362825778560447,0
2025-01-08 18:00:00,49.59906013679064,0.5055201753795183,113.57788851057833,3.1269264259473797,0
2025-01-08 19:00:00,61.39489050957825,0.44040925591869534,119.22758542892942,5.220489264238358,0
2025-01-08 20:00:00,56.3440787954298,0.46693038545572263,92.80387157056657,2.2360452506546857,0
2025-01-08 21:00:00,52.40447354378718,0.2971726959421209,89.30192795532949,7.255619959914498,0
2025-01-08 22:00:00,60.115412778512024,0.4666774012637598,77.1811054048261,7.135915488516586,0
2025-01-08 23:00:00,54.470333877100224,0.38849151929247006,88.92362491084204,5.848689887722804,0
2025-01-09 00:00:00,64.90535461939356,0.43003583779325266,110.03378314515584,6.619471499589589,0
2025-01-09 01:00:00,67.25109686916855,0.38343167263495703,91.0560867318257,5.117510775878168,0
2025-01-09 02:00:00,58.911988821103435,0.37190225655614734,113.97595076456274,5.930307989653838,0
2025-01-09 03:00:00,66.88637193254235,0.39958875752415535,129.5076244420472,2.3996355133805856,0
2025-01-09 04:00:00,66.87795380326203,0.5632818636109099,100.37230831937201,7.7809589544092965,0
2025-01-09 05:00:00,60.42303871856472,0.44902102710402636,99.75595358635503,4.025294121579881,0
2025-01-09 06:00:00,68.66726733302401,0.38920747738051376,108.2291729068177,4.74239834242149,0
2025-01-09 07:00:00,56.891689974762414,0.5754014071394489,91.38396294092506,9.974401534784684,0
2025-01-09 08:00:00,50.22372420454214,0.5128972107811897,90.29019097747702,4.559985101788248,0
2025-01-09 09:00:00,52.228109604382,0.26363344599958727,90.73738464654525,6.478803630046409,0
2025-01-09 10:00:00,56.66157672653389,0.5995624342255772,82.81633696847868,6.029064932683616,0
2025-01-09 11:00:00,62.67151024865083,0.5072073392136454,113.49680276144527,2.334362739321238,0
2025-01-09 12:00:00,54.22588566136859,0.5770373929074063,92.55130069390124,3.0005138967095855,0
2025-01-09 13:00:00,56.62099573285752,0.47747776616390575,116.67080388146888,9.07177728700151,0
2025-01-09 14:00:00,53.75261755729049,0.6604690629881033,107.93924488046721,6.158325885022869,0
2025-01-09 15:00:00,56.73549007410775,0.46181113565406706,99.65829054332373,4.966249988551294,0
2025-01-09 16:00:00,66.71354719472048,0.23641610304867938,112.1444241709324,3.9287038549445508,0
2025-01-09 17:00:00,61.787879454146506,0.41106297337751485,85.84807631958476,5.6401551243541395,0
2025-01-09 18:00:00,57.11505366703917,0.5502139129301105,88.29393583434234,5.830295465859671,0
2025-01-09 19:00:00,66.10235561593362,0.5159086525843867,110.70396232835967,5.4530430804833365,0
2025-01-09 20:00:00,60.128326189987895,0.48774857601551946,67.06491338011381,7.137921161969338,0
2025-01-09 21:00:00,60.66827750528123,0.4013613928703411,100.21916770450575,3.2662828356639286,0
2025-01-09 22:00:00,65.71387633333777,0.5018419186186541,108.85753478192917,2.998597126440902,0
2025-01-09 23:00:00,58.286894350761436,0.4985624386880354,119.66324090033044,7.086140983940721,0
2025-01-10 00:00:00,64.58120231484966,0.49753509306563365,122.73219498531417,9.22537477428782,0
2025-01-10 01:00:00,64.22464320882793,0.5537670118201897,98.04570626074126,6.68518488537763,0
2025-01-10 02:00:00,59.272275131801145,0.5181768895383817,111.55399792724656,7.5955074235744835,0
2025-01-10 03:00:00,53.01903341977057,0.474770432412152,87.93474763251851,4.850318727746817,0
2025-01-10 04:00:00,60.06345882056354,0.3997435150002444,93.34770341472617,5.532230049724291,0
2025-01-10 05:00:00,65.68626623320841,0.6359995270562447,120.51490770476744,5.505312691397848,0
2025-01-10 06:00:00,64.09884034737743,0.6981601402651351,99.40143532616422,4.88914670449107,0
2025-01-10 07:00:00,68.55125195558657,0.6744209822592061,102.39516642746231,7.822593731919278,0
2025-01-10 08:00:00,57.54799896713419,0.5699080886744178,84.50295639882148,7.231694549873293,0
2025-01-10 09:00:00,63.89650236366118,0.33249191995382354,106.3385074701136,4.2015315614057975,0
2025-01-10 10:00:00,54.96856123081027,0.3202665022066731,111.31081427268569,1.7088458821345145,0
2025-01-10 11:00:00,84.5670942185879,0.7126382534976164,110.84534355595258,7.291430859160722,1
2025-01-10 12:00:00,65.52706202607492,0.49452484441192257,81.82958299075702,2.6906956301928338,0
2025-01-10 13:00:00,64.53212293700521,0.49041729192416944,114.99916514966544,5.047350112660534,0
2025-01-10 14:00:00,60.51536520962044,0.5193751832675875,85.02849009646702,2.848268149022067,0
2025-01-10 15:00:00,58.659739187193544,0.3607553473496812,99.60377501369432,7.513033272011401,0
2025-01-10 16:00:00,55.02584504315363,0.660741934708135,75.72821244409694,6.368845440087451,0
2025-01-10 17:00:00,58.871133636420986,0.6505238689406414,97.30797463486044,6.32026315890168,0
2025-01-10 18:00:00,53.448980792306344,0.3688646108080114,84.94620297757838,7.144371674860537,0
2025-01-10 19:00:00,58.284029758677896,0.31384564718383523,93.26714260487937,5.7822144884818,0
2025-01-10 20:00:00,50.96888392330052,0.4910254663984886,100.89865659526724,6.093603576677177,0
2025-01-10 21:00:00,53.40666385985671,0.6262090496025845,112.40837210310623,7.869397465922775,0
2025-01-10 22:00:00,64.26402950278387,0.4967819434870985,111.8935520003844,4.730969744353435,0
2025-01-10 23:00:00,63.70697045750994,0.5259955306544232,64.94055569132823,6.210230669077887,0
2025-01-11 00:00:00,58.55576080634015,0.4560288439563668,110.17477409701242,2.8937229802008484,0
2025-01-11 01:00:00,60.32384394809816,0.5146279043811354,103.09414608767352,5.158553830873541,0
2025-01-11 02:00:00,60.99447836174588,0.5944477132198502,91.59695961489658,9.518567440546438,0
2025-01-11 03:00:00,62.30164195005591,0.5412109205137238,86.79389046120399,6.629650759576223,0
2025-01-11 04:00:00,71.73948379608535,1.3378316105845784,99.06357793787303,9.027513095403478,1
2025-01-11 05:00:00,53.31612060862376,0.33367655207605107,103.45897028340865,5.529081231472337,0
2025-01-11 06:00:00,47.784581890755234,0.7138282316458755,105.66823423421847,4.958003487331448,0
2025-01-11 07:00:00,54.91555725435444,0.334874615690998,97.04064866319897,5.4634012395567115,0
2025-01-11 08:00:00,59.228348120601446,0.5156422020420668,62.13667479518318,4.2019862995427175,0
2025-01-11 09:00:00,64.80091834687174,0.4849552253748515,92.57045136094877,5.989742400403247,0
2025-01-11 10:00:00,61.17179845364491,0.4893093509909257,82.2446148694581,6.06061987249592,0
2025-01-11 11:00:00,62.67188281420024,0.5869825681396013,130.8283145277452,5.013276020762211,0
2025-01-11 12:00:00,55.51559189282814,0.42921891990033184,100.88969148129067,5.280118612232496,0
2025-01-11 13:00:00,59.64635550239496,0.4567292372062914,111.11680019324893,5.681535351454874,0
2025-01-11 14:00:00,60.32742429728606,0.38533948036544774,109.52690640626152,3.945513944528775,0
2025-01-11 15:00:00,56.22161580635551,0.6122158850415106,104.65492713942619,5.970540668696408,0
2025-01-11 16:00:00,54.652200470613394,0.526608542106704,93.75673570151014,6.560315434513325,0
2025-01-11 17:00:00,58.86661111451981,0.563721809135532,91.8425641910816,7.929732213009634,0
2025-01-11 18:00:00,63.306181740574296,0.5811983852634017,69.69109749501493,5.63674490011726,0
2025-01-11 19:00:00,55.47524255543428,0.6991412760613847,102.13289702711964,3.888728223647968,0
2025-01-11 20:00:00,58.95903633609631,0.6816945825205868,104.50571405436828,4.794125483041802,0
2025-01-11 21:00:00,66.77494817170803,0.5323041623787379,99.2825523070313,2.7140718921628846,0
2025-01-11 22:00:00,57.40329344559435,0.5157962697752961,102.15132803072613,6.454705164537721,0
2025-01-11 23:00:00,60.0364149352521,0.44678581300381803,81.90384499068807,0.8805495462429418,0
2025-01-12 00:00:00,59.47145959512156,0.5744157778894641,95.58929029050657,7.04931038056887,0
2025-01-12 01:00:00,59.06104185921931,0.5707112958962011,90.25219309327318,7.290648531397791,0
2025-01-12 02:00:00,68.34239082167005,0.4270608665629826,109.97508873452516,-0.8612505449549834,0
2025-01-12 03:00:00,61.5287665451703,0.5719782951667293,100.61476492352874,7.5505619864362625,0
2025-01-12 04:00:00,52.14908950131321,0.6008354493694014,90.40281041212197,7.054572339479369,0
2025-01-12 05:00:00,67.64209923286545,0.38783533770504075,97.60073673147546,4.419896433431566,0
2025-01-12 06:00:00,61.37406730598744,0.5189913970920111,84.40712986418536,2.6163686180273844,0
2025-01-12 07:00:00,58.132128181735155,0.4934271055647567,95.0773730973827,3.324481800275631,0
2025-01-12 08:00:00,66.74721252819413,0.4994613493385912,108.74030442522427,3.4829644072344057,0
2025-01-12 09:00:00,56.1065501843747,0.40473467706005284,80.01557689717617,7.632111920419255,0
2025-01-12 10:00:00,68.57850046440302,0.31734442408707675,99.08265095731662,4.1019196145350385,0
2025-01-12 11:00:00,60.4665132128378,0.4244583699750942,88.75097629332622,6.810646192150571,0
2025-01-12 12:00:00,65.0277942350309,0.41045416862805983,80.02627507963498,4.75187864412742,0
2025-01-12 13:00:00,75.33751055793326,0.5353223067546855,127.97940398933468,5.110151276629423,0
2025-01-12 14:00:00,60.900457694055426,0.5369513116316424,118.8066102699714,1.8572088110340519,0
2025-01-12 15:00:00,59.51584049979913,0.5312592230153531,91.02905014526758,2.705859708617493,0
2025-01-12 16:00:00,54.664851977029606,0.3603269326771873,95.65346354906546,7.586195042482185,0
2025-01-12 17:00:00,59.397147716153924,0.38804416255284463,69.666312861949,4.688554957065315,0
2025-01-12 18:00:00,54.81914112366334,0.43833273149217716,76.1126919153262,5.601318897771934,0
2025-01-12 19:00:00,59.065157852660285,0.5023143012565944,83.07957389452775,8.612714318745113,0
2025-01-12 20:00:00,74.47342065236667,0.4664892454671972,99.49622537230006,4.744747642699029,0
2025-01-12 21:00:00,60.59798977287429,0.5310639099564789,98.27917732309126,4.631508042291905,0
2025-01-12 22:00:00,57.23156242037948,0.597547031673751,104.97582919934932,7.412171774799514,0
2025-01-12 23:00:00,58.95140961588584,0.40007061923736686,110.17911488605286,5.024699379971433,0
2025-01-13 00:00:00,57.940643003784324,0.4038729500849525,104.1701392732975,5.640014053855948,0
2025-01-13 01:00:00,65.24200936570813,0.5135359986092217,83.77888228058086,6.993632579077642,0
2025-01-13 02:00:00,59.548877010499204,0.49179693636908417,104.86035151333098,5.000229287540719,0
2025-01-13 03:00:00,68.0444404670657,0.5743363561506915,109.5302771694871,6.575176946722236,0
2025-01-13 04:00:00,58.41950357974474,0.5007576659778062,93.59091127351695,4.768307455303494,0
2025-01-13 05:00:00,58.74210361486551,0.6740521229837393,72.3036751142125,6.962278307143369,0
2025-01-13 06:00:00,55.51607807138793,0.34121252311386185,117.7610358766581,5.842654139031202,0
2025-01-13 07:00:00,58.08309048869366,0.5840216859964081,101.32471824197863,4.549192012522237,0
2025-01-13 08:00:00,51.33214885789273,0.519932619610516,58.40741885355298,5.14849916450173,0
2025-01-13 09:00:00,49.350949080700666,0.359699893297246,131.05379627300792,0.11133503891547392,0
2025-01-13 10:00:00,63.12336676849473,0.29320407126472425,92.81856221372747,7.387547316527167,0
2025-01-13 11:00:00,51.272796850395316,0.3874980933419359,136.58534780765973,2.4907310300322587,0
2025-01-13 12:00:00,62.0298274959151,0.6209087711472758,105.6604654920287,2.8617646786023574,0
2025-01-13 13:00:00,75.18193173100633,0.9218348748388148,96.95980487393238,7.384121421123756,1
2025-01-13 14:00:00,64.69764486081709,0.4871347514994636,102.75392086460958,1.4140988454316128,0
2025-01-13 15:00:00,51.3829778964307,0.46377270165073864,89.36092424284226,5.935232559888491,0
2025-01-13 16:00:00,62.99125406840683,0.4143903003378798,100.91965596334055,5.722028009362515,0
2025-01-13 17:00:00,61.6579997713953,0.48126106806434926,130.15930949812287,4.026921930887371,0
2025-01-13 18:00:00,61.81258112640884,0.4525838314501678,86.52066354623871,3.6439202736988525,0
2025-01-13 19:00:00,65.61949433445669,0.6709942050999601,108.0004706340277,3.613206926131317,0
2025-01-13 20:00:00,60.35143533544567,0.37634443998512657,89.20361732909673,6.229596820720103,0
2025-01-13 21:00:00,47.76080558300392,0.5392437704076227,97.47878523392777,1.812548288089793,0
2025-01-13 22:00:00,62.24554045345194,0.6757071341531167,129.64915500820908,4.182001641546805,0
2025-01-13 23:00:00,61.59836306288026,0.5774582815822452,107.89692720117802,1.9411445599346209,0
2025-01-14 00:00:00,58.776874584793624,0.387572329647584,111.18510285210377,6.537488909223246,0
2025-01-14 01:00:00,55.79113546160562,0.3457669802410649,101.06269594078427,4.327555171580938,0
2025-01-14 02:00:00,58.19540338503358,0.5274401205052357,140.43233064203628,6.093498707928247,0
2025-01-14 03:00:00,67.29029888324551,0.5150523205568696,85.75541882363865,7.499075278705371,0
2025-01-14 04:00:00,55.4004607771305,0.6232409097246681,76.30942138693698,7.532854075253786,0
2025-01-14 05:00:00,51.29794262971974,0.5548447848684426,125.29018875791546,2.9557974120717243,0
2025-01-14 06:00:00,52.65868656518977,0.4515160075831135,94.2762467702737,5.61891999200691,0
2025-01-14 07:00:00,59.823520414056595,0.44472852713920846,106.15388603471162,7.2427880399406055,0
2025-01-14 08:00:00,68.3542526472183,0.3693842299521046,125.74537748199181,6.392952928335963,0
2025-01-14 09:00:00,71.02425361039076,0.512936433827975,106.35338255525082,6.590660543577103,0
2025-01-14 10:00:00,63.25115754724773,0.35955517491667366,133.46227407716725,1.4333530296228476,0
2025-01-14 11:00:00,55.09377025699665,0.5909990347594524,102.04293794208247,6.362293929130987,0
2025-01-14 12:00:00,55.62454122312489,0.5589155211218865,89.37809703987328,3.41413740726233,0
2025-01-14 13:00:00,64.37918664382852,0.5557456000472675,64.69775209553364,6.329372100524336,0
2025-01-14 14:00:00,66.65817714983919,0.36781728882522075,104.50821172601496,6.2856159776859455,0
2025-01-14 15:00:00,56.790015027733325,0.48500365988898636,66.45360694742254,6.179834465687329,0
2025-01-14 16:00:00,67.12225247453637,0.46106943792464294,104.86959611719973,4.7787017031383305,0
2025-01-14 17:00:00,58.8521991349814,0.5102806384459426,121.89307262316912,7.632182720485483,0
2025-01-14 18:00:00,63.57141988050687,0.5528512880805949,99.74408969289303,6.020616012526869,0
2025-01-14 19:00:00,65.72733493279671,0.44864029495646573,102.8515943927392,5.643031892455112,0
2025-01-14 20:00:00,52.59116075513209,0.4524016475674777,113.73497044726105,3.1311782979234426,0
2025-01-14 21:00:00,62.257193832667376,0.5679927836535318,110.04301365334008,5.792182009719544,0
2025-01-14 22:00:00,67.14321272007278,0.3870500037216834,117.40747734115047,8.95742136847604,0
2025-01-14 23:00:00,86.31307961463631,0.6820258793502789,99.71232062249287,9.095784703163567,1
2025-01-15 00:00:00,54.71709282211383,0.5005836832034041,66.23297163984859,6.460212195998999,0
2025-01-15 01:00:00,62.47392717665049,0.5899720373029534,117.64026537676094,6.71247863919788,0
2025-01-15 02:00:00,60.6672163952199,0.4031225261590991,96.41797168974135,8.451038809128995,0
2025-01-15 03:00:00,58.3634798436281,0.6789698989596383,86.82020979056327,6.451480150540574,0
2025-01-15 04:00:00,59.98893645020122,0.3649337238834373,105.03903087094689,5.021357726470023,0
2025-01-15 05:00:00,51.648529971220746,0.6550278824078565,102.79812731803936,5.8452231466282525,0
2025-01-15 06:00:00,62.02237661425271,0.6199590148993406,88.75806304925214,4.463888463145895,0
2025-01-15 07:00:00,67.96298927670176,0.35698984077502716,80.71623347179812,7.438515978193294,0
2025-01-15 08:00:00,56.42662105107964,0.336779666302899,107.02623037283168,1.9020406766615823,0
2025-01-15 09:00:00,55.857915347748445,0.5719864168847224,87.25192492890208,4.024257650367661,0
2025-01-15 10:00:00,60.86280871995442,0.462259881494873,101.71575212703901,5.892311475924534,0
2025-01-15 11:00:00,74.22938725144502,0.3993052950391401,105.6016803316666,7.341861557190829,0
2025-01-15 12:00:00,65.49941636776734,0.6811701208981498,114.52264229313137,4.97243317602654,0
2025-01-15 13:00:00,59.529126076353506,0.380609755980045,131.78655403539352,3.4353250578671615,0
2025-01-15 14:00:00,60.197994090260686,0.4273061402427972,103.55813801913489,4.578254493621138,0
2025-01-15 15:00:00,65.99423437808375,0.43916016869021995,93.61957794601713,4.266076810943663,0
2025-01-15 16:00:00,55.4531237623546,0.22005511725635146,124.87653860514234,4.358049661201617,0
2025-01-15 17:00:00,63.05871303332202,0.5091367759106652,115.72139093272264,4.1296424546024335,0
2025-01-15 18:00:00,54.41272495552906,0.408844144466082,102.52574541674632,4.13051387361535,0
2025-01-15 19:00:00,64.62457334609272,0.5810536114829737,103.54730419219872,1.5681218548955345,0
2025-01-15 20:00:00,58.53022803892892,0.5941262722959761,100.40367586212042,5.600307483053952,0
2025-01-15 21:00:00,61.00347062621462,0.5231721000214191,102.43317257113725,6.349467110617549,0
2025-01-15 22:00:00,58.205619575659334,0.5243046629653649,98.47201972536075,7.9967899148377,0
2025-01-15 23:00:00,63.493433546766575,0.5163589114366276,85.37754276478051,6.720801913511107,0
2025-01-16 00:00:00,59.12659041705252,0.42995958153318387,100.13310188278619,6.618720144021003,0
2025-01-16 01:00:00,70.7898584301413,0.4385172049550988,126.35911325608217,5.592024106276288,0
2025-01-16 02:00:00,67.09433794901106,0.6323226947774913,87.75936998517024,1.47489562791672,0
2025-01-16 03:00:00,53.47855668848628,0.5735241444289623,95.93093020814565,5.560282243457769,0
2025-01-16 04:00:00,60.957280680749676,0.5206086984505001,86.6212110076799,5.22475336325579,0
2025-01-16 05:00:00,63.67577615994625,0.5600065326352361,117.35998443510326,7.059746681025164,0
2025-01-16 06:00:00,57.70920335703393,0.49389164712202455,112.44556194060567,6.134957268274555,0
2025-01-16 07:00:00,66.06238351981004,0.5184946769326079,80.82530769469273,4.7402547137652205,0
2025-01-16 08:00:00,65.47325407955137,0.5594516911170104,69.72306357291976,8.916304453825427,0
2025-01-16 09:00:00,59.582187234035686,0.2925719179670411,112.98551768251919,6.696912912940128,0
2025-01-16 10:00:00,64.90607942036691,0.5906138918091378,79.91099317017876,5.67972926656941,0
2025-01-16 11:00:00,47.9466865254593,0.5834340221157107,112.423995351835,5.910627575660674,0
2025-01-16 12:00:00,66.78794104638422,0.42193117228925425,90.42890447099822,5.122364414288492,0
2025-01-16 13:00:00,64.43254401037763,0.6244102516156723,110.42499503331648,5.033008910622257,0
2025-01-16 14:00:00,54.56161152634371,0.2782685215339311,106.66174639252623,0.6595619993957884,0
2025-01-16 15:00:00,61.259401800464275,0.5352953084813752,91.95318827465597,3.1698324987782667,0
2025-01-16 16:00:00,49.8685824431638,0.5039933046556253,86.81511980205835,3.9181455428102625,0
2025-01-16 17:00:00,56.18288183571885,0.469052892530056,108.63695069336399,5.9012686798536125,0
2025-01-16 18:00:00,65.47819669041206,0.5019367327487313,89.61121420134252,1.6966330230180078,0
2025-01-16 19:00:00,59.93581920797424,0.5582730558327563,116.63470357790654,3.957665265983704,0
2025-01-16 20:00:00,59.65898513738224,0.3194431746014797,87.51475128117869,3.7013639897671675,0
2025-01-16 21:00:00,60.22613095323279,0.6000964590288983,105.25525481208246,5.233509635676969,0
2025-01-16 22:00:00,59.64285176881248,0.45897264876191834,94.14693241059618,5.9062462174209704,0
2025-01-16 23:00:00,64.93744858484364,0.6015452848174679,100.08571165829184,3.7083750944839986,0
2025-01-17 00:00:00,56.90505192776068,0.5643517677649943,89.49209514083451,3.8521291746344346,0
2025-01-17 01:00:00,62.09673036830672,0.45689298590576705,97.32090346885163,3.6394083298814115,0
2025-01-17 02:00:00,54.27691167561703,0.4920673803623787,61.573726569129725,4.2197436180531005,0
2025-01-17 03:00:00,63.705496141333555,0.49794205729091356,87.80616276460756,4.897708736356731,0
2025-01-17 04:00:00,58.39314449073904,0.6606260380726673,91.18582474884758,7.630250670450199,0
2025-01-17 05:00:00,59.795062335776926,0.3859554213229947,98.92185205621502,2.9750120595927725,0
2025-01-17 06:00:00,58.18914530570774,0.45619271432186925,119.3978765305324,8.501682143300055,0
2025-01-17 07:00:00,58.821732997423986,0.3417811949124858,89.53404226005425,2.532364396451944,0
2025-01-17 08:00:00,54.97636886177273,0.512390824563607,121.20977735496703,6.909284244212826,0
2025-01-17 09:00:00,61.64625031079667,0.43764909865096663,87.07872042853667,4.0484081105827885,0
2025-01-17 10:00:00,62.77332048684413,0.4497828493147422,83.37817053836244,3.178083649113444,0
2025-01-17 11:00:00,53.346799230769896,0.6484690402598757,71.73675597217041,7.633759676936965,0
2025-01-17 12:00:00,57.018000470100965,0.41766304773864604,109.10176970431506,5.163505492928978,0
2025-01-17 13:00:00,60.15006921308312,0.48404779519338775,101.29033637561344,5.086973857207605,0
2025-01-17 14:00:00,57.006759309003314,0.45413997138101403,108.21304328922992,4.445848223888098,0
2025-01-17 15:00:00,58.885891929066375,0.4604169623330072,101.97431033483399,3.8370748814791487,0
2025-01-17 16:00:00,68.08050870245008,0.7771789609491639,99.86204253923611,4.646308271416635,0
2025-01-17 17:00:00,54.90918607270454,0.3265024303054125,104.26635610677957,-1.4537992495611691,0
2025-01-17 18:00:00,48.43906498530852,0.5644068542994957,132.28729199195976,1.292617536460639,0
2025-01-17 19:00:00,57.00630093846843,0.7427373384379684,92.89092705965231,5.784636438009068,0
2025-01-17 20:00:00,58.35920157510154,0.6079085771347186,130.814833083441,7.365554740944166,0
2025-01-17 21:00:00,57.55005025559359,0.5046942165449758,112.78544702200536,7.727113088551458,0
2025-01-17 22:00:00,61.34405598591021,0.3827231679874907,105.47796862617136,3.0860030293194702,0
2025-01-17 23:00:00,54.859591200784145,0.6304774334043409,108.31792855032712,5.385643100723866,0
2025-01-18 00:00:00,54.123599417018724,0.59373459780957,52.06563867264945,0.6130497892300113,0
2025-01-18 01:00:00,56.62756412809614,0.34703075629983454,96.07504623653837,4.297221064170417,0
2025-01-18 02:00:00,56.730756317604204,0.4679718770038978,89.94649956679845,6.647384477685536,0
2025-01-18 03:00:00,70.6042047397456,0.37939060537218805,131.6858999247164,4.965005308689789,0
2025-01-18 04:00:00,67.76223773964156,0.21404799613255576,94.87902020299587,4.336504415800123,0
2025-01-18 05:00:00,51.652365253526156,0.3770642519381675,99.55300035707768,4.973422104254708,0
2025-01-18 06:00:00,50.35095543554467,0.5105439226181371,99.30934398442436,7.565695106092042,0
2025-01-18 07:00:00,59.57123526189766,0.5580319177259551,80.402010375067,4.510596686542854,0
2025-01-18 08:00:00,69.55797506002179,0.46765630468572633,91.59667558352699,5.145288426086611,0
2025-01-18 09:00:00,79.74009822670604,1.3015075902623,112.2534686695984,13.167522888165266,1
2025-01-18 10:00:00,59.83557150398603,0.6029439912743952,68.0228982362177,4.543356217291104,0
2025-01-18 11:00:00,57.71962863644185,0.4874722362887419,104.67028574521076,1.7269536472004687,0
2025-01-18 12:00:00,65.38581238220402,0.4747397312378841,86.47780316712353,7.73681603711735,0
2025-01-18 13:00:00,60.88994689801652,0.5382739618708453,119.49878467092718,7.031189619502209,0
2025-01-18 14:00:00,68.65879191590176,0.49821535902065106,105.9238265081204,0.5666689679729808,0
2025-01-18 15:00:00,51.561475687870924,0.35743159184275036,77.2034817578494,4.739629623035661,0
2025-01-18 16:00:00,62.11822894266594,0.4704618015310798,93.75782175232409,4.955674630738291,0
2025-01-18 17:00:00,57.18351166227058,0.5665567197875302,106.80340045396883,7.737301573799828,0
2025-01-18 18:00:00,62.071376087568005,0.6314740264821312,95.44068905394188,4.971236636980791,0
2025-01-18 19:00:00,61.25428125798199,0.5960163896805607,102.17680499391406,5.331836342192084,0
2025-01-18 20:00:00,62.54833104500012,0.5334302697625258,99.7114485840391,5.393972099978823,0
2025-01-18 21:00:00,64.88791073388094,0.6457371642464567,113.00231628874987,4.0678191915297806,0
2025-01-18 22:00:00,66.94896289880914,0.5423951668063209,106.5934866199891,7.594460707023576,0
2025-01-18 23:00:00,69.75861585201808,0.49114499484569896,99.27687421536159,3.4154640280725728,0
2025-01-19 00:00:00,60.078971505286866,0.6478711568033473,100.26876607332875,4.029103732039648,0
2025-01-19 01:00:00,57.28825013194843,0.5720258658832775,83.75748906125432,4.98812714706239,0
2025-01-19 02:00:00,53.870891156591384,0.630200309375869,122.01073015803239,2.323894198930163,0
2025-01-19 03:00:00,62.17443170181792,0.38123931324742505,144.43320796630815,8.530818426946361,0
2025-01-19 04:00:00,64.17458673713377,0.41397313710706823,95.04476130172793,4.998288800859925,0
2025-01-19 05:00:00,53.25776125484446,0.4182594925595103,100.71549206310443,6.6492145838440555,0
2025-01-19 06:00:00,65.7233249212437,0.5181776624794756,115.22570415187714,3.0850262835108015,0
2025-01-19 07:00:00,59.49324844808094,0.6824349533162296,115.14204508738189,6.4234687359996245,0
2025-01-19 08:00:00,53.72091607878837,0.3861053127942868,102.6746493447354,6.593188605445881,0
2025-01-19 09:00:00,55.75856402752676,0.5905365005803052,85.35746472297193,6.881738476546593,0
2025-01-19 10:00:00,55.283786186781114,0.3797431455751831,127.27238255013681,8.809999680820495,0
2025-01-19 11:00:00,55.37272375950471,0.7117519401731035,110.218514799925,3.8835261328316966,0
2025-01-19 12:00:00,62.84950698221321,0.34033483397492315,103.30823360342833,4.626704124516822,0
2025-01-19 13:00:00,64.31913864344274,0.5740300328761527,89.1575855479214,3.309501992685869,0
2025-01-19 14:00:00,68.49572790761601,0.5880375423054577,100.86932752961758,4.807543543033619,0
2025-01-19 15:00:00,56.50888883830752,0.5620004988900753,72.78328949106177,6.328233707488905,0
2025-01-19 16:00:00,61.71478133727653,0.41227504300212625,111.11356949576691,6.220472012009327,0
2025-01-19 17:00:00,56.764870998506716,0.39436565279007735,114.77102028626808,8.281504516545516,0
2025-01-19 18:00:00,60.10061951497854,0.6272400627449057,103.4463848791413,5.980394283692571,0
2025-01-19 19:00:00,52.59809806337171,0.604840663223497,85.59620613371557,5.00112371093842,0
2025-01-19 20:00:00,54.384014298301096,0.6034760807104691,106.77846379174707,2.816501141551328,0
2025-01-19 21:00:00,64.01530244329389,0.6155971990115872,111.81037070041504,6.732640729647526,0
2025-01-19 22:00:00,52.582670239471256,0.3463918324434094,88.85145449832858,4.687007218856619,0
2025-01-19 23:00:00,63.074154838388445,0.3434028951392674,114.00988334730678,6.77808354346873,0
2025-01-20 00:00:00,56.619254739741415,0.43286761923430217,107.86776151891263,4.150456731766347,0
2025-01-20 01:00:00,50.372318076467266,0.4520358594606372,95.88975529271355,7.401415502367373,0
2025-01-20 02:00:00,47.30715330284265,0.44137977813927165,91.63516631352022,5.772633935916973,0
2025-01-20 03:00:00,67.31730673276671,0.5277497972433866,97.31688092727916,6.9845042515106055,0
2025-01-20 04:00:00,50.47291765992062,0.6115250493281781,85.4399834892584,5.7716254064172805,0
2025-01-20 05:00:00,59.678136919929706,0.47060047913964315,103.90394094866457,3.1493272571229456,0
2025-01-20 06:00:00,61.76975397188491,0.418468276333214,108.3772678116885,4.269245128286686,0
2025-01-20 07:00:00,53.433988854767655,0.5812923100889945,117.52894889193234,2.439168393166818,0
2025-01-20 08:00:00,57.23237315823222,0.4718035511570794,104.46172907835924,5.369291713986511,0
2025-01-20 09:00:00,62.394119550039065,0.5107324883134119,105.86976649315804,2.0747320942019507,0
2025-01-20 10:00:00,61.46658092410237,0.46675267474884075,95.97988386241964,5.587752423700293,0
2025-01-20 11:00:00,57.69712216762873,0.5339970359569239,86.88844655705991,-2.239074339936824,0
2025-01-20 12:00:00,61.18452314837661,0.39860958670070296,93.55102043613688,6.619866030233542,0
2025-01-20 13:00:00,59.48882667907211,0.5726272225877149,121.42106217853731,2.7926614580656195,0
2025-01-20 14:00:00,55.147917102187364,0.4967223298042303,109.51121405129464,3.0921677160081584,0
2025-01-20 15:00:00,66.00245228386865,0.4235683769772176,106.11095766466556,7.743745172991406,0
2025-01-20 16:00:00,61.037102924807165,0.5530932986349377,72.76943815454882,5.639567081119344,0
2025-01-20 17:00:00,66.94979793858732,0.7341458390473945,104.69219975115548,12.95818905412459,1
2025-01-20 18:00:00,62.60837324585873,0.42789274020042833,80.05476088911057,2.989330188280497,0
2025-01-20 19:00:00,56.922420750031826,0.3798723101242085,81.12447108542676,6.923791797380478,0
2025-01-20 20:00:00,58.55281904675954,0.32964178397270416,82.80471086732378,4.725072460521974,0
2025-01-20 21:00:00,60.0409741709837,0.5534285379207843,88.40749809945551,5.235247968149685,0
2025-01-20 22:00:00,56.03526248506952,0.6165616649111161,112.50084234942118,7.9805937833385965,0
2025-01-20 23:00:00,69.01518931447177,0.4549400275315968,103.39888189266998,2.674209367504398,0
2025-01-21 00:00:00,52.5334113736579,0.42015274888124077,85.85280583033747,6.826071969292524,0
2025-01-21 01:00:00,60.28343738649219,0.3187705220751542,91.28888322574794,5.770820353864096,0
2025-01-21 02:00:00,61.90675790577458,0.2826648920104311,107.47471630679857,4.5738191961326775,0
2025-01-21 03:00:00,60.20606387514001,0.5726730545715348,110.46710703600482,2.8117292015925885,0
2025-01-21 04:00:00,59.04507095761014,0.30259921977343585,102.00449789783102,4.551363070218915,0
2025-01-21 05:00:00,58.11493358506605,0.3856066429402473,82.78764377389338,3.3632950758298605,0
2025-01-21 06:00:00,55.98410027101015,0.5283431318372005,93.81210891194075,7.37370758100975,0
2025-01-21 07:00:00,55.8954342091358,0.5089707262685004,135.7148723400901,5.18351665351104,0
2025-01-21 08:00:00,65.7927172563389,0.5324702383550722,81.83688950323497,3.6460594178774057,0
2025-01-21 09:00:00,57.791266382515374,0.5006919448488588,105.62399302671523,2.124794927776889,0
2025-01-21 10:00:00,93.14167861223615,0.8490886586460483,131.81249493001053,7.8769993776588825,1
2025-01-21 11:00:00,63.34470159397884,0.3862134325346216,95.89773650042557,7.472470247853078,0
2025-01-21 12:00:00,46.66185142696787,0.4365856554727681,127.50705789045672,5.222864665448624,0
2025-01-21 13:00:00,64.41629508113783,0.47109521239388474,89.68473068855067,4.639617620672198,0
2025-01-21 14:00:00,59.73420097138709,0.3109658197732946,70.376574533959,8.397376307567182,0
2025-01-21 15:00:00,53.05024126308088,0.42136638961227185,91.31083040580711,4.170907771424426,0
2025-01-21 16:00:00,66.52127599912981,0.4627781490353208,88.63442497941091,3.383360922804952,0
2025-01-21 17:00:00,57.82041533273236,0.4311035244146501,74.9473271137566,5.808179228433827,0
2025-01-21 18:00:00,57.395338198591084,0.4657445481250631,93.73826546417021,5.839130631976606,0
2025-01-21 19:00:00,61.87595008471147,0.566872775090128,114.86494269587425,3.8264223850578434,0
2025-01-21 20:00:00,65.71415169778118,0.5791485927285228,91.08819717182647,3.4046692619051133,0
2025-01-21 21:00:00,60.56707599099079,0.6511353147977537,94.35995264405538,7.8941406034694275,0
2025-01-21 22:00:00,60.20909673947669,0.349209763663898,120.55762979662352,4.1340281823736085,0
2025-01-21 23:00:00,56.51566992773373,0.45792548511019326,88.77593503038902,2.096252766253661,0
2025-01-22 00:00:00,65.6287842451605,0.6227579505067123,109.28391420392856,5.385739352996263,0
2025-01-22 01:00:00,60.6152539327939,0.3254264085423404,74.38850634326674,6.78918296513846,0
2025-01-22 02:00:00,58.872784362915,0.3823770747662513,85.50786956815246,4.618782928481559,0
2025-01-22 03:00:00,58.25246561520615,0.43842643330284436,96.79853402202639,6.074254417474608,0
2025-01-22 04:00:00,65.13412797793528,0.7044323802374798,118.13679714925894,2.9053282113268426,0
2025-01-22 05:00:00,58.68838201850436,0.4025467295905267,86.31189973869141,6.256518935774821,0
2025-01-22 06:00:00,65.1469880906766,0.6083820641831258,86.1316025769375,3.0895690590074514,0
2025-01-22 07:00:00,57.64212648321732,0.4972103106329991,104.08528731387945,5.61034636625789,0
2025-01-22 08:00:00,63.611527418913695,0.38535459838971214,106.49329741960673,6.535338977528735,0
2025-01-22 09:00:00,61.035480901711814,0.7799824146337831,84.46603037830111,5.197407936830675,0
2025-01-22 10:00:00,55.24622505708022,0.5194648003905806,92.17156393587639,2.529104335754294,0
2025-01-22 11:00:00,59.56511951186638,0.5376202317860116,116.29991241776474,2.6158434708483655,0
2025-01-22 12:00:00,49.046985417994314,0.5534507548206712,82.2998636897897,8.186242113020066,0
2025-01-22 13:00:00,56.27980079484074,0.5456956182172116,105.12215108570618,3.463717213013623,0
2025-01-22 14:00:00,52.11096797370177,0.715207335586206,92.23699766630209,6.530247947887412,0
2025-01-22 15:00:00,69.98750046589836,0.6785943848269591,121.03872125564602,5.236751770664774,0
2025-01-22 16:00:00,52.169846919916935,0.40684018564711943,108.70629634701038,2.9919182779595457,0
2025-01-22 17:00:00,72.92895313608989,0.7018724912972236,113.208443414615,3.934484921077561,0
2025-01-22 18:00:00,62.57139766334241,0.4299867047050091,91.9362391721806,8.39966602752757,0
2025-01-22 19:00:00,57.40566416023489,0.5322240880882408,112.36772734027895,11.97929521881974,0
2025-01-22 20:00:00,64.03180050310414,0.3548481881571627,111.9771551566787,4.3653753342280055,0
2025-01-22 21:00:00,56.77742640420225,0.6036606413864951,107.79233311222019,4.227243519125604,0
2025-01-22 22:00:00,52.95225559796196,0.469263875865215,95.76086098763162,1.7234081715952145,0
2025-01-22 23:00:00,60.39535134104414,0.38505123634215177,102.43908017575058,1.7001692159444928,0
2025-01-23 00:00:00,63.500363481631204,0.6188501014034706,72.20935697702082,3.2854961990981195,0
2025-01-23 01:00:00,66.39205447630944,0.6436201394905221,126.38506927019333,4.10999303492453,0
2025-01-23 02:00:00,62.48865054779496,0.6470102781718696,90.94116109384426,4.949116369042236,0
2025-01-23 03:00:00,57.35327238165335,0.3477049550614776,94.97723905583231,6.380267553444878,0
2025-01-23 04:00:00,66.93138041040412,0.6573542920049718,80.23302201370899,5.441752452173052,0
2025-01-23 05:00:00,65.8148791311802,0.46994843195028685,110.09342299448718,6.413416940404618,0
2025-01-23 06:00:00,61.345087638857706,0.7051503470923898,107.93815065866552,3.7721022811995164,0
2025-01-23 07:00:00,66.05388873411748,0.5624953698064157,95.56725560116723,4.858415149630559,0
2025-01-23 08:00:00,70.92405155492403,0.5251331260458493,64.97991327526437,4.271800179680593,0
2025-01-23 09:00:00,57.28208029953134,0.5008521072738392,89.32666758955754,2.466558595736851,0
2025-01-23 10:00:00,55.50161158858498,0.49863370766600823,106.90034048191475,1.051976089908036,0
2025-01-23 11:00:00,57.13655404786017,0.43204856844243933,103.7713241110697,3.6617144986653334,0
2025-01-23 12:00:00,75.31318551955289,1.1981670241256808,99.30697793336552,6.537596916864227,1
2025-01-23 13:00:00,82.51851599106915,0.7014138737204101,93.64078506887816,7.536193718929072,1
2025-01-23 14:00:00,51.950483993281566,0.619088853644877,76.32069777356341,6.090338922444488,0
2025-01-23 15:00:00,66.32507117035848,0.36033750341630494,114.4580577849911,5.360324293132966,0
2025-01-23 16:00:00,56.63909181913256,0.6340666230603391,78.39818306380882,5.042808090801617,0
2025-01-23 17:00:00,66.7935389942208,0.5143389746360458,96.93626031881033,7.361052582463444,0
2025-01-23 18:00:00,47.21480850839776,0.5781474618861258,84.47663471966324,3.543051968230497,0
2025-01-23 19:00:00,58.07406186148085,0.5833160494025807,114.90534514450957,6.363907762619643,0
2025-01-23 20:00:00,53.53494792121873,0.5928344974558142,108.73041030425902,3.3857733168758504,0
2025-01-23 21:00:00,66.76677461294102,0.5022401588039713,94.64196563108962,5.554906515311841,0
2025-01-23 22:00:00,68.39512399251915,0.505234312465149,110.36776237565863,5.307097108520343,0
2025-01-23 23:00:00,48.27960551325312,0.5894096675953706,77.62391038687953,5.415039275432243,0
2025-01-24 00:00:00,64.32930779166894,0.39587052385689,98.807530811971,4.226590917449112,0
2025-01-24 01:00:00,65.34343676829454,0.3805541443424806,84.17704855264614,5.638643772145874,0
2025-01-24 02:00:00,61.62842262605413,0.453531307747586,115.37594944076677,5.7950118901819545,0
2025-01-24 03:00:00,62.94081654706011,0.5288090521987325,105.61434265196269,2.1386949725575226,0
2025-01-24 04:00:00,62.58027507387782,0.6920871149939787,109.74914526718591,6.696992137800121,0
2025-01-24 05:00:00,64.3475424100006,0.5047982720446612,91.70136723696368,2.5281672495267933,0
2025-01-24 06:00:00,54.5376647976183,0.700015251249291,111.1721657379514,3.245297992381457,0
2025-01-24 07:00:00,66.00247172220008,0.5515457697924836,83.24529537114208,5.483938336110809,0
2025-01-24 08:00:00,61.04673167947715,0.45465373496306294,85.39711287028818,6.195827014797876,0
2025-01-24 09:00:00,60.746669198849006,0.6147068648520921,97.3726531846066,5.440062008138786,0
2025-01-24 10:00:00,62.83312474620535,0.47571371754279485,85.97915228787248,5.651120814218647,0
2025-01-24 11:00:00,53.646156055852295,0.5251209448441894,110.64407332244183,2.7266247671076913,0
2025-01-24 12:00:00,52.23278907625297,0.366362869672313,92.89815610517954,3.952650623888969,0
2025-01-24 13:00:00,59.39483918848562,0.349133623017776,83.79010855638626,0.8992557672785795,0
2025-01-24 14:00:00,67.71769465690399,0.5553655530807516,81.84727142354076,3.162429382244464,0
2025-01-24 15:00:00,54.07308685649757,0.6103728953951592,110.46089989292918,2.3167620485092058,0
2025-01-24 16:00:00,60.87577220333237,0.6945667502553275,61.83886721898909,5.026642039046529,0
2025-01-24 17:00:00,56.416580460319615,0.4190627558656183,84.834417058987,9.712257925354805,0
2025-01-24 18:00:00,55.745107853735234,0.6463744124990844,121.04357175943285,6.520241618110883,0
2025-01-24 19:00:00,62.50374182988421,0.6314446899976998,94.83455003984709,0.5102794668214923,0
2025-01-24 20:00:00,63.79687749694726,0.45088371409632466,110.74679789578956,1.9647251904271799,0
2025-01-24 21:00:00,56.062242655183894,0.6388086889456378,106.41248981338026,2.402342363802371,0
2025-01-24 22:00:00,66.93625127983391,0.5944216376285197,97.13688546469332,1.4896682400200394,0
2025-01-24 23:00:00,62.11251813246269,0.6142183078539579,75.11634125675077,4.4350445784335495,0
2025-01-25 00:00:00,58.79161017743365,0.7167360378743199,80.11194866913279,5.457511160434363,0
2025-01-25 01:00:00,61.73759017952634,0.610066184755,79.85920502743308,2.4140372955296248,0
2025-01-25 02:00:00,70.18173757328108,0.2863101870637858,107.23076092450465,4.5539117734030645,0
2025-01-25 03:00:00,63.76765375550341,0.5322560495997553,110.04370860220457,5.440426370289605,0
2025-01-25 04:00:00,56.50651532370596,0.3433198498930516,86.8177813144282,6.397951636689534,0
2025-01-25 05:00:00,59.90646252361489,0.5151450070277146,98.8184225587465,5.312210704964411,0
2025-01-25 06:00:00,60.65634435585753,0.5093627861455305,100.12172047708317,5.66080222201157,0
2025-01-25 07:00:00,63.32678393822477,0.44163050972380763,101.17292697540138,4.925178703652275,0
2025-01-25 08:00:00,61.197738604346156,0.3972396856826616,88.57020030818752,2.971603859639905,0
2025-01-25 09:00:00,69.47661954476085,0.4469668099252765,124.5708339755641,3.408974612610268,0
2025-01-25 10:00:00,58.86656785649415,0.4662839448571913,110.16811279563005,2.354406495521616,0
2025-01-25 11:00:00,51.35047151286604,0.4868295154065388,101.09625647186257,7.9973846346565365,0
2025-01-25 12:00:00,61.07264284748626,0.5105433906136863,92.21754728620172,2.061518838519256,0
2025-01-25 13:00:00,57.79437400401946,0.5585250825542267,87.49647322746192,6.904175541636549,0
2025-01-25 14:00:00,67.16193021560252,0.8974417074938486,105.96842640198923,8.334386658616616,1
2025-01-25 15:00:00,56.48238009166443,0.6279648434671995,92.8934192834614,6.534878254002378,0
2025-01-25 16:00:00,58.2080601591134,0.4961761492321907,102.00597889893021,6.944256263800187,0
2025-01-25 17:00:00,65.69902108125243,0.5924490818573371,71.5103324373215,7.303971131694912,0
2025-01-25 18:00:00,52.583758410510626,0.4695519182609692,92.05309269536957,2.9170671101167374,0
2025-01-25 19:00:00,61.74892633787642,0.774370916933686,98.3636815432499,5.328557528668569,0
2025-01-25 20:00:00,71.10240310760595,0.5467264175033864,114.51718316206804,3.7987133259146706,0
2025-01-25 21:00:00,59.12569182161659,0.6635298601316605,86.16513915598395,3.2267756249491018,0
2025-01-25 22:00:00,58.97879755167414,0.430605801118721,77.71250140679224,5.087710195399484,0
2025-01-25 23:00:00,63.598882597388496,0.45528497216938674,106.67083393111265,6.627785627077993,0
2025-01-26 00:00:00,62.61090797956803,0.4747862347350589,99.03915348031391,3.809700443467103,0
2025-01-26 01:00:00,67.0878111195201,0.7472999926768087,74.16964628778071,5.658342044530001,0
2025-01-26 02:00:00,59.164444360506614,0.47872599819343997,74.91760729533257,3.1845000988877863,0
2025-01-26 03:00:00,63.51096455824815,0.4176565905043266,90.29686146894602,2.913513181651232,0
2025-01-26 04:00:00,63.590503944370106,0.6300906453547186,98.7437891852243,4.35119416010377,0
2025-01-26 05:00:00,58.322220534243485,0.5058804345736269,120.83927693640399,4.471052431806179,0
2025-01-26 06:00:00,59.43009905008986,0.4781880539349184,83.78291000990066,6.335563121192374,0
2025-01-26 07:00:00,59.94400414270115,0.4389717688522142,108.08165690378425,2.4969504915693115,0
2025-01-26 08:00:00,53.81150092679792,0.5488828558202015,70.5872380325066,9.317269831670144,0
2025-01-26 09:00:00,58.0566080327318,0.60626556336097,105.41441331587576,1.4154675884322807,0
2025-01-26 10:00:00,67.48082263383439,0.5788085440768136,122.59877269200362,5.4561337353063815,0
2025-01-26 11:00:00,65.18858307835559,0.4520666222504618,102.12557074980897,4.429848514188502,0
2025-01-26 12:00:00,57.100320421422545,0.4012297312344413,89.97753113839708,3.7033176317120104,0
2025-01-26 13:00:00,59.92128925733684,0.09808788432361248,118.48804232500854,4.649736488721313,0
2025-01-26 14:00:00,64.85694944713771,0.4054531291823768,105.23322746955508,6.344335164504697,0
2025-01-26 15:00:00,62.2170284377111,0.46278654586586515,102.30391910103268,6.655028429462419,0
2025-01-26 16:00:00,63.99955476245402,0.49409601684093135,84.7340058986581,4.564872627488258,0
2025-01-26 17:00:00,62.670640593973374,0.47291887271972316,105.45654860091746,5.66357606341922,0
2025-01-26 18:00:00,61.07705701365062,0.7800876947609392,89.72925768477899,2.3394152873705267,0
2025-01-26 19:00:00,59.17053658576808,0.5491365137232632,104.67163126943501,4.631461053907786,0
2025-01-26 20:00:00,54.02445719869897,0.3762357273871971,100.72808709733953,5.788747690784894,0
2025-01-26 21:00:00,63.46117442734129,0.5655567398421837,116.2617481885736,0.4339792551502608,0
2025-01-26 22:00:00,58.89123990996295,0.5391476720771153,91.35991119257142,5.161830451054241,0
2025-01-26 23:00:00,51.76056553071578,0.39500893879811944,97.75979907005828,4.6635894187357705,0
2025-01-27 00:00:00,57.27170503394284,0.5288805553332357,111.97469855351707,7.539627867619494,0
2025-01-27 01:00:00,64.26144844726406,0.5530151263183603,96.45943642669688,5.334233198449952,0
2025-01-27 02:00:00,50.41917809367027,0.6024504424447717,99.67710781466775,5.959656743038979,0
2025-01-27 03:00:00,54.85237742402103,0.3224327746498276,93.8990292772723,4.4569776337922296,0
2025-01-27 04:00:00,60.685667006596084,0.5648078011213506,97.54531241777457,6.264096954242111,0
2025-01-27 05:00:00,67.02859321697133,0.640990465526892,110.06436358143718,6.124577835800822,0
2025-01-27 06:00:00,64.9998803446691,0.6887686579008044,127.53868600301243,2.386783946693731,0
2025-01-27 07:00:00,67.50817309314986,0.37739324735535656,74.82248217177644,5.621952690028445,0
2025-01-27 08:00:00,61.03890924363108,0.48540477273664734,81.02471607529804,7.364480779716898,0
2025-01-27 09:00:00,58.95409782766483,0.49509344715326553,97.87785694801605,6.967583503906413,0
2025-01-27 10:00:00,64.21653337216478,0.5675518736582286,100.74465645351279,5.054744957386418,0
2025-01-27 11:00:00,55.50316360081372,0.4835370902471812,96.735221638224,5.643378740160598,0
2025-01-27 12:00:00,55.11308374882682,0.4284606428760826,91.70082140697895,6.829816407113538,0
2025-01-27 13:00:00,54.2245511241599,0.5217176372584892,81.51463743517985,2.722290065386,0
2025-01-27 14:00:00,65.4444231048253,0.4662497933842535,90.83852639301563,5.948766077963385,0
2025-01-27 15:00:00,55.827097112614204,0.5562189530685242,112.25854928496832,1.0581778226806282,0
2025-01-27 16:00:00,65.00301704258135,0.41904326131541264,101.39600164422339,6.724712328940032,0
2025-01-27 17:00:00,60.74225141825527,0.39776903439520656,110.13342846857354,4.230487993578577,0
2025-01-27 18:00:00,65.50869824772298,0.6315440218224961,81.94878895043306,4.827085158853992,0
2025-01-27 19:00:00,54.47308909317469,0.7272527613804434,121.662149810693,3.88926348635424,0
2025-01-27 20:00:00,56.872421716589955,0.6822271226723243,91.57173023106273,4.917904296596254,0
2025-01-27 21:00:00,62.26994532189772,0.4928074407051475,107.12802441920647,5.510766730770664,0
2025-01-27 22:00:00,57.845200466499236,0.6055127171581179,98.12379202044976,6.508627937573115,0
2025-01-27 23:00:00,47.533249757586574,0.431371721778663,91.89978492144907,7.5990015340131745,0
2025-01-28 00:00:00,53.13870273795103,0.5508179289052328,106.49227811897984,5.097097089362071,0
2025-01-28 01:00:00,54.43371652989504,0.4416197233080018,109.0076469584078,1.6768195233166479,0
2025-01-28 02:00:00,54.804269348197906,0.6256504117940112,140.3202143573659,7.611292736232386,0
2025-01-28 03:00:00,63.408915909173146,0.6123464717923843,109.58904921216693,2.056041445941142,0
2025-01-28 04:00:00,61.68524345422372,0.7075954111097476,109.36403731511238,4.155486556557197,0
2025-01-28 05:00:00,60.8111230668908,0.47706949124675013,117.1732243554721,4.019286806950634,0
2025-01-28 06:00:00,70.04334504119583,0.6579033701092001,107.977810307107,5.023115845542838,0
2025-01-28 07:00:00,65.87612227783916,0.5506465061928087,99.41927846580234,2.4730307898777864,0
2025-01-28 08:00:00,64.00909645100526,0.5075388469234349,104.88587551365445,2.375902245852569,0
2025-01-28 09:00:00,52.52366969999288,0.533699384009656,112.8221055347704,4.956958010834686,0
2025-01-28 10:00:00,60.297699681154974,0.6698013161503488,120.8614475805022,3.404418891358221,0
2025-01-28 11:00:00,61.49348331160633,0.4868063285106246,77.33972944878911,7.692187104886547,0
2025-01-28 12:00:00,57.92386385369589,0.4918938138115426,71.64639003794505,3.8982399135900083,0
2025-01-28 13:00:00,68.53189890391204,0.29342979021698795,120.2256317250707,2.943356435919663,0
2025-01-28 14:00:00,60.25601955286982,0.4852951935301953,88.03809215790365,8.343671717488778,0
2025-01-28 15:00:00,53.85825617381048,0.5264361927958183,75.13100509418561,5.93987246615879,0
2025-01-28 16:00:00,55.01311314625457,0.423775222223945,73.72054697941627,10.433906068677683,0
2025-01-28 17:00:00,71.41171169113282,0.39921448013185556,127.02772038453836,1.1553716250543342,0
2025-01-28 18:00:00,57.899385113640534,0.3148761423848272,113.16419221791986,5.415531757983807,0
2025-01-28 19:00:00,49.607355283996895,0.44153494046967817,88.07360778042471,5.971225160299039,0
2025-01-28 20:00:00,57.0032775971675,0.6421179096797116,88.69368489148954,5.055645771255528,0
2025-01-28 21:00:00,50.866902532580845,0.3518147696890981,100.82294930734213,4.275998922018992,0
2025-01-28 22:00:00,64.586553992354,0.5789017251812164,112.89085746729776,7.491236624436429,0
2025-01-28 23:00:00,50.22573960434428,0.5879346547027093,95.58988358301433,5.932795498495224,0
2025-01-29 00:00:00,52.98897454831594,0.7452861621142401,88.20957588395149,1.6215181540345993,0
2025-01-29 01:00:00,60.01994280255561,0.6038355184902573,117.02569842804536,3.261263499537476,0
2025-01-29 02:00:00,65.54690083508221,0.5954579581106179,99.61242782925801,2.6719901799932932,0
2025-01-29 03:00:00,82.94361246237321,1.2750455590920988,97.12561126513873,6.718229639377082,1
2025-01-29 04:00:00,53.711772811004764,0.5000857334245965,108.88186937118023,6.897730490893682,0
2025-01-29 05:00:00,60.91281495347671,0.5852199513095518,67.95502432546024,4.241508184457481,0
2025-01-29 06:00:00,57.66101268011933,0.6248701272708039,107.11202201774645,4.493756847428375,0
2025-01-29 07:00:00,65.66351086608056,0.5170496307452286,106.1637420038955,3.041955740848406,0
2025-01-29 08:00:00,64.27394000706524,0.6291885901864576,79.31625176924001,6.522684713587025,0
2025-01-29 09:00:00,57.31420268759668,0.7883211296337689,70.87940306525985,7.465295008763688,0
2025-01-29 10:00:00,63.89886405201563,0.5070858904820316,91.5345766965826,4.935114676212826,0
2025-01-29 11:00:00,89.4225376652038,1.2428576277241654,102.74460040457892,15.212989365464122,1
2025-01-29 12:00:00,66.8340473336014,0.490788316207635,104.27306526116264,3.9118373779648383,0
2025-01-29 13:00:00,63.685906533492876,0.5133742941286992,125.56069719732875,2.2060348113112185,0
2025-01-29 14:00:00,62.73497862438818,0.622310529397635,102.75129188531804,6.608737059875873,0
2025-01-29 15:00:00,66.63979739335481,0.5087054636807589,79.01760009757652,4.8082573874749395,0
2025-01-29 16:00:00,60.077023407788005,0.5189178082311353,96.23542833955003,3.8375216059477113,0
2025-01-29 17:00:00,56.134497720304644,0.47503503343392095,80.52034907516675,5.153342411229437,0
2025-01-29 18:00:00,61.00419869347053,0.5489057500541555,97.31344669551024,1.8312331466666483,0
2025-01-29 19:00:00,58.222928479357265,0.44968036115826304,121.13366136224388,1.5038650561724283,0
2025-01-29 20:00:00,63.0209827457485,0.37738526354801505,106.88864209568966,5.185127107244557,0
2025-01-29 21:00:00,60.309720174890934,0.5447671990836994,89.18822804785017,5.868724979679133,0
2025-01-29 22:00:00,62.014684362102656,0.6979384471414302,108.88511154732086,7.787716945938698,0
2025-01-29 23:00:00,53.97942633552243,0.4710055933633321,88.33326754443401,6.773277442227478,0
2025-01-30 00:00:00,62.54143267677812,0.3958794862872712,58.548337545868,6.27072892234281,0
2025-01-30 01:00:00,53.573886065728956,0.6915642020659393,81.4977413511981,7.540866711329547,0
2025-01-30 02:00:00,64.80880090767675,0.5045560697719851,106.87660602779947,5.979790212819287,0
2025-01-30 03:00:00,64.81627188294519,0.5944558282493188,111.58504060441464,4.311596804669991,0
2025-01-30 04:00:00,61.73977066303395,0.42710341780112504,125.76471530021209,6.82477314728455,0
2025-01-30 05:00:00,61.550434541762655,0.5009770567353241,105.11769443505034,6.751209861643835,0
2025-01-30 06:00:00,73.98599008806298,0.7508328348534019,120.20738940112906,13.190575372199465,1
2025-01-30 07:00:00,56.98385664184812,0.5130772468944197,109.45139737197256,2.6003876519022198,0
2025-01-30 08:00:00,59.92510397285311,0.5143202192496382,114.06104065708048,1.4298610817070685,0
2025-01-30 09:00:00,69.91342460804584,0.35114060220375964,116.52580729883618,6.684795402214903,0
2025-01-30 10:00:00,61.146594583940114,0.5787033471949847,107.30525734630422,5.957348735173046,0
2025-01-30 11:00:00,72.49620236623035,0.9801997573497494,116.12273082520954,14.207165507820715,1
2025-01-30 12:00:00,51.4582051688043,0.6119700400573624,89.52170425925924,6.75947734843977,0
2025-01-30 13:00:00,52.80962824254897,0.5202381227089309,63.600730596532,3.2019537725504765,0
2025-01-30 14:00:00,58.112017098657695,0.5291219121762216,109.76109556139738,1.2466097830781289,0
2025-01-30 15:00:00,66.32899542183172,0.5772541819051319,105.6216779628801,6.0317106560506595,0
2025-01-30 16:00:00,54.88258106815653,0.5375269449043298,86.87091852137497,7.395483873254342,0
2025-01-30 17:00:00,67.10873242297747,0.6718453415569429,81.06321397503008,5.703718858893151,0
2025-01-30 18:00:00,60.897241958682876,0.6560038598858355,101.9601234983893,2.0272933961868533,0
2025-01-30 19:00:00,62.41721834139159,0.37827561063728654,110.75382928578266,5.481379644587756,0
2025-01-30 20:00:00,62.28019794191847,0.48292879987434784,107.79865108504877,2.7505069382712426,0
2025-01-30 21:00:00,62.95332648352189,0.5836534880580412,84.7053199638244,1.9151675922226623,0
2025-01-30 22:00:00,57.94317255988922,0.40573970379864965,88.06924480943941,4.984664395903864,0
2025-01-30 23:00:00,48.3279220539243,0.3431939240547751,110.04228032762076,5.324997020498177,0
2025-01-31 00:00:00,57.058214887671795,0.4239795421244617,101.09029187595551,4.802755791331685,0
2025-01-31 01:00:00,55.560604072319116,0.48848345938133686,115.90230872118627,5.876273144282915,0
2025-01-31 02:00:00,61.552812418521384,0.09353968562656101,95.15092090427099,3.418801557737461,0
2025-01-31 03:00:00,61.09619458745169,0.3886110347035452,111.0928720120644,5.171362223281209,0
2025-01-31 04:00:00,58.63810188457387,0.32214647308054467,99.40525260955722,4.029297378428858,0
2025-01-31 05:00:00,68.77762490035043,0.6146672268128484,89.15798144353042,4.4966210184618935,0
2025-01-31 06:00:00,56.79635693686678,0.5931478826652985,113.92244250265173,5.5368251597058125,0
2025-01-31 07:00:00,48.87133331305555,0.5278563689360382,85.11158626910738,7.119276441288708,0
2025-01-31 08:00:00,60.597283367028936,0.5100011874121381,101.11227843896667,5.584592025227999,0
2025-01-31 09:00:00,65.94597486046973,0.5544806841269441,102.66229623216721,6.2480182642256406,0
2025-01-31 10:00:00,61.43580438801387,0.40016648105038277,98.19566932744306,5.020450948505491,0
2025-01-31 11:00:00,58.21680752930478,0.6252888995413658,114.86199250188045,5.975230734555813,0
2025-01-31 12:00:00,61.202237525700056,0.5093021288221432,108.58923088085241,7.067594383028143,0
2025-01-31 13:00:00,69.19453282154753,0.591759927025963,106.80142733833524,8.758375770146262,0
2025-01-31 14:00:00,55.624359860196584,0.587641536646464,101.02694596557593,7.421551043869593,0
2025-01-31 15:00:00,60.15436592102127,0.553411446829727,127.84491570043731,4.889830490765842,0
2025-01-31 16:00:00,63.34971388080311,0.5312917988901171,121.97000888322701,7.289332314551343,0
2025-01-31 17:00:00,78.11386442799794,1.2645648633952145,113.79143673757679,11.6518477054763,1
2025-01-31 18:00:00,58.76066470377367,0.49370230801855075,111.32654096190095,3.7855791140084403,0
2025-01-31 19:00:00,57.868370667790956,0.548295673378408,90.9661273407693,6.125621939900175,0
2025-01-31 20:00:00,58.57402762654108,0.5206209208307838,99.26381193659772,2.7426073327862484,0
2025-01-31 21:00:00,62.66016162711333,0.45129791369654937,109.53731354721428,6.128602702283814,0
2025-01-31 22:00:00,62.36886180929424,0.560971472865351,115.7737156813974,8.5035924341412,0
2025-01-31 23:00:00,70.47359291924272,0.5280500022919833,113.3807170514091,6.645230739947296,0
2025-02-01 00:00:00,52.316052430068424,0.620978818784381,108.71443442085402,7.393235472009641,0
2025-02-01 01:00:00,85.13930548014051,0.7969748678236351,130.00938898321502,11.226457854258477,1
2025-02-01 02:00:00,58.9776183528775,0.5036220570465266,97.9661778545675,5.961765307867654,0
2025-02-01 03:00:00,59.547064893059435,0.42750970737400273,115.19784706765583,6.396328843501782,0
2025-02-01 04:00:00,64.29366567579667,0.4482377255579164,113.37160070101247,4.389675400114036,0
2025-02-01 05:00:00,64.26204205079988,0.5559748027589902,106.6609896688504,6.367418300804988,0
2025-02-01 06:00:00,65.78309016957506,0.3563939505163667,107.20750349703488,5.909377903907273,0
2025-02-01 07:00:00,66.87388644460476,0.5133135646249906,106.90517207238466,6.389632285846188,0
2025-02-01 08:00:00,59.800845023580095,0.503043956239478,89.37645521252975,2.9398482350378243,0
2025-02-01 09:00:00,66.93815440392022,0.39500504220693733,106.0129151720024,7.552197657635639,0
2025-02-01 10:00:00,56.854219069391505,0.5158072897091243,111.22420970722897,5.901285873447929,0
2025-02-01 11:00:00,58.473515121390456,0.4238446824573789,104.82904666284456,4.7637272201219485,0
2025-02-01 12:00:00,59.0899246550858,0.7197483721054582,72.36875863586816,4.81197551179815,0
2025-02-01 13:00:00,57.36685193551733,0.6201966634518293,76.207466995887,4.922347422687809,0
2025-02-01 14:00:00,60.29928162172938,0.5067259959524897,87.7265202474649,3.3421467419612574,0
2025-02-01 15:00:00,64.48212360953707,0.45682514746091285,98.32109124392439,7.378320025689513,0
2025-02-01 16:00:00,63.25672988725824,0.5504050337735262,88.53179642338733,6.926218024086918,0
2025-02-01 17:00:00,56.93407833395864,0.5767475917814184,109.68868023128803,7.060657464500309,0
2025-02-01 18:00:00,56.52239642446777,0.5254532589787638,117.87998373298424,8.02638336864042,0
2025-02-01 19:00:00,55.72326502130366,0.39848524636255644,120.00504611721932,5.379555227852769,0
2025-02-01 20:00:00,60.44395911158901,0.47904122337970834,105.05216908581197,1.6885309790040912,0
2025-02-01 21:00:00,52.0957827122879,0.507801307445559,116.26241525432299,6.2577425089050065,0
2025-02-01 22:00:00,55.546998005739326,0.5290275017459203,91.561723395719,6.1832494465693175,0
2025-02-01 23:00:00,57.70589463662448,0.5313363151141769,97.72519491948694,8.107666284591359,0
2025-02-02 00:00:00,65.27685478931177,0.5730832235194925,82.49517726789004,7.164168394306065,0
2025-02-02 01:00:00,59.33914864414575,0.6341720288720115,118.10349023457597,5.267968447886645,0
2025-02-02 02:00:00,84.78146918548865,0.8430471270917443,129.48918778009826,5.6347653154315305,1
2025-02-02 03:00:00,60.93787396595487,0.5590319845707182,94.77103425197757,7.00727375673823,0
2025-02-02 04:00:00,57.62850417090213,0.37422960088871404,67.44758592159768,-0.3098948812335198,0
2025-02-02 05:00:00,57.83429050281682,0.618634323568271,85.66897202340171,5.482799932535818,0
2025-02-02 06:00:00,54.16970940710832,0.5818806352106978,90.24741591870763,6.891321325641167,0
2025-02-02 07:00:00,72.01590962848589,0.474420872153599,80.10695815954465,4.757985593514233,0
2025-02-02 08:00:00,65.5525627575622,0.5029739030956155,84.54538524139981,4.235684275895355,0
2025-02-02 09:00:00,63.01862787728766,0.5065580971370178,103.06927338385691,5.589687126305355,0
2025-02-02 10:00:00,53.48345158195992,0.4562177675569676,109.89583704081656,7.698893365076034,0
2025-02-02 11:00:00,57.741869556469354,0.32519654628639943,69.03413553956733,5.9020872674917815,0
2025-02-02 12:00:00,55.12333161154889,0.3883457356652462,92.01757729777825,3.6459534298385474,0
2025-02-02 13:00:00,60.63784116526956,0.40934927145021893,100.56514307062882,7.433964078410501,0
2025-02-02 14:00:00,55.3634637303468,0.303216987690742,83.99848667973008,7.823293007839116,0
2025-02-02 15:00:00,56.648547097752754,0.3886733731207591,103.54276232946836,3.3853411941572,0
2025-02-02 16:00:00,55.49422524330522,0.6141199414908403,98.2325542361012,10.597131824061808,0
2025-02-02 17:00:00,58.8012333761793,0.5485918339459116,93.27114067824907,4.998693852168917,0
2025-02-02 18:00:00,60.357124902184026,0.40290151347843095,87.03262582365043,6.896851541436341,0
2025-02-02 19:00:00,58.93369027993509,0.4311776442172029,104.1011168462559,6.4549243890641845,0
2025-02-02 20:00:00,67.66453232705813,0.62291836259408,88.54768562929561,3.6039966893791293,0
2025-02-02 21:00:00,64.05553452226569,0.6204467208253648,74.00479317262992,4.096947966156637,0
2025-02-02 22:00:00,56.08483600700548,0.5069887995869409,100.33148985326403,5.135415620031905,0
2025-02-02 23:00:00,61.62802840721711,0.6174797693381631,81.41465109535206,1.2598778026292519,0
2025-02-03 00:00:00,56.49669448968351,0.4234095989053952,75.30705549431937,6.641955123649833,0
2025-02-03 01:00:00,58.02438035859656,0.5227359920120828,101.94283117404828,1.2085077131748463,0
2025-02-03 02:00:00,62.3959860163802,0.35256491439753057,97.55636265571027,5.029334745371199,0
2025-02-03 03:00:00,63.32824995291955,0.46356798371510377,87.00495074218207,3.656572686245169,0
2025-02-03 04:00:00,57.06283992855503,0.5028076534494549,103.43410365844414,6.1576182195691125,0
2025-02-03 05:00:00,54.475652066072456,0.33149411025824477,106.35898467420323,0.5916532291749625,0
2025-02-03 06:00:00,60.438517488621656,0.5593116120400324,103.5974280688536,1.6756010085529862,0
2025-02-03 07:00:00,62.173112042909715,0.5760201632625531,103.05287132822306,3.806483363961418,0
2025-02-03 08:00:00,56.80855584691638,0.6011119071444353,75.91925459410291,6.037687845880224,0
2025-02-03 09:00:00,64.08277258782799,0.7334246897312939,119.3985557852441,5.4431960362734815,0
2025-02-03 10:00:00,63.1964650163272,0.5416714349258916,108.36205792137805,7.100563986795528,0
2025-02-03 11:00:00,56.73564482048197,0.4935917123431157,85.73813622200836,5.215799396534872,0
2025-02-03 12:00:00,65.65081092929582,0.3397916990500556,99.82362912409178,4.964516330971244,0
2025-02-03 13:00:00,65.80363642158747,0.5391952431600848,102.67436411688487,2.8568421189646047,0
2025-02-03 14:00:00,70.33834052811812,0.5559432845408077,99.4099006610896,4.553259324426254,0
2025-02-03 15:00:00,68.55879858991888,0.3643987728400574,126.89591487715724,4.96096912119187,0
2025-02-03 16:00:00,55.48693388737892,0.47599126800328007,70.82122454558125,0.8904906151342296,0
2025-02-03 17:00:00,92.67057853843275,0.7726448511280819,77.85703838941137,8.774135128578521,1
2025-02-03 18:00:00,64.39814648294657,0.552952544432806,65.51596241255922,5.926712314036595,0
2025-02-03 19:00:00,58.25758400288565,0.585624141229655,101.19814081405337,5.3589867255824934,0
2025-02-03 20:00:00,62.27462364033016,0.4463442716188805,108.1602240745962,4.49398530479778,0
2025-02-03 21:00:00,50.61188174888091,0.5201360828684486,105.42398551218254,3.7851182094335725,0
2025-02-03 22:00:00,50.47307166053517,0.5573735482229866,95.66313554823249,1.514224052365881,0
2025-02-03 23:00:00,51.42679029766325,0.4818220767219893,106.0981044062797,0.6492371359216529,0
2025-02-04 00:00:00,61.946284607133634,0.45785377026378027,95.55325728102913,4.386624727246447,0
2025-02-04 01:00:00,62.18254565960031,0.5712579446610062,111.11088524473962,7.9778901202326695,0
2025-02-04 02:00:00,58.6305794341279,0.48222841337298544,116.60941386078416,5.073810677106028,0
2025-02-04 03:00:00,68.60584564379631,0.38029143184497005,86.03217951319687,7.042799537763676,0
2025-02-04 04:00:00,64.93537701454642,0.6373042329384802,95.6854380844448,2.6466251568898933,0
2025-02-04 05:00:00,52.00843407605085,0.3913708343002072,98.11501922091217,5.566298991036837,0
2025-02-04 06:00:00,59.14012897057289,0.49054934577309195,121.38149919294447,3.5926264690160052,0
2025-02-04 07:00:00,55.30157341909349,0.5321763559463901,87.79836915991814,3.515440628982526,0
2025-02-04 08:00:00,62.06997934360755,0.5455208248101647,116.46494217394901,6.489179206214333,0
2025-02-04 09:00:00,59.84710537617314,0.5169616806717642,78.00910494402595,4.759106009277669,0
2025-02-04 10:00:00,55.58510813046779,0.2057874189319383,118.6531840164671,2.228931604421676,0
2025-02-04 11:00:00,68.47236265263967,0.4297486310176662,112.77825114065567,5.196059164887337,0
2025-02-04 12:00:00,60.28698453979372,0.5296290348483434,97.6651369256515,3.5676629670532476,0
2025-02-04 13:00:00,57.91980230264879,0.4890906791723746,113.75010567770775,2.111339533154565,0
2025-02-04 14:00:00,58.73430025269847,0.5511666300165902,92.48589194205128,3.009300831307687,0
2025-02-04 15:00:00,68.09334023104313,0.602149498640744,86.15780575026349,9.091786591046063,0
2025-02-04 16:00:00,64.55637319917028,0.5506687379519185,125.59693683620212,7.424768905779505,0
2025-02-04 17:00:00,59.18824445917441,0.42709842775189477,91.88228268199809,0.9709248170286093,0
2025-02-04 18:00:00,55.03955159950189,0.4461497347777337,110.15503595970604,4.623268306760689,0
2025-02-04 19:00:00,55.8190243092021,0.6631440401798265,116.63262128607559,4.7690342072167375,0
2025-02-04 20:00:00,57.58928694497651,0.48208908491461944,112.09498028588395,4.467925497712507,0
2025-02-04 21:00:00,62.53582879607777,0.4904591818233352,108.98907506309125,3.6722209887736668,0
2025-02-04 22:00:00,63.782659504933555,0.550987598290676,110.20264120094915,6.494134637947663,0
2025-02-04 23:00:00,56.37229420512479,0.6237221642884383,115.8617970915129,6.885391334998548,0
2025-02-05 00:00:00,64.00380091685751,0.4098735774420118,104.765826025194,7.0980014021308016,0
2025-02-05 01:00:00,55.45692056015952,0.4503883221818476,99.4053688315763,5.660216020230304,0
2025-02-05 02:00:00,56.9411317301724,0.3396038248573391,79.46589164945209,6.217312677268266,0
2025-02-05 03:00:00,52.7523823964727,0.470362810624675,104.77190293560544,4.311026470091842,0
2025-02-05 04:00:00,52.603461269083056,0.5567593364608963,115.42507565436821,1.8471216129578214,0
2025-02-05 05:00:00,55.40286319601733,0.4635759517948722,83.48916700504762,1.794498225002216,0
2025-02-05 06:00:00,59.87134122055324,0.6759812923173678,96.56414916787466,3.296614351157503,0
2025-02-05 07:00:00,55.03009309694605,0.511620171909581,106.38059660198482,4.598854334216536,0
2025-02-05 08:00:00,67.49042180852852,0.48977342550160097,122.68548696056904,2.433701909166619,0
2025-02-05 09:00:00,55.33751506835521,0.4647863784178958,82.62146263680503,2.7402579669346663,0
2025-02-05 10:00:00,60.9197320125071,0.36401439755280973,111.90178733251652,4.243214614612397,0
2025-02-05 11:00:00,66.60121483626334,0.49096676944898415,94.63319637278782,6.728228784099946,0
2025-02-05 12:00:00,60.46256302136877,0.5358386613128174,89.89551135354228,5.668656507067049,0
2025-02-05 13:00:00,58.180420879154894,0.48819302440778545,86.2298760232795,3.2729478739106552,0
2025-02-05 14:00:00,60.735042932767776,0.5231113271049512,90.16686196283588,5.092767115833087,0
2025-02-05 15:00:00,57.19132667969678,0.4329323763594901,107.48659662969884,2.342712851545479,0
2025-02-05 16:00:00,54.99595402978653,0.37552772030812337,96.58343085634054,3.2729557339705737,0
2025-02-05 17:00:00,63.06353143017235,0.4893791308281001,110.71356201597563,1.6856472793968647,0
2025-02-05 18:00:00,57.084442614567784,0.5220606922958881,83.17226733477794,5.857676595610562,0
2025-02-05 19:00:00,64.68376631765213,0.4831308965017873,110.45495654384723,4.434385469775746,0
2025-02-05 20:00:00,63.981313997634565,0.5203515603718548,106.50690107528514,4.684555109860199,0
2025-02-05 21:00:00,60.831582546875616,0.577664248933779,77.38305333116213,6.611874248973701,0
2025-02-05 22:00:00,64.85442944544079,0.5772834049266401,122.59349853095331,3.0054975310858145,0
2025-02-05 23:00:00,57.27970390990585,0.5857371365175637,105.09857394498582,5.9334984682405745,0
2025-02-06 00:00:00,63.91888452827506,0.6005326025666313,111.48146093852642,8.96984198830765,0
2025-02-06 01:00:00,63.89286448638925,0.5497081941003202,117.3420362296846,3.035772248171264,0
2025-02-06 02:00:00,58.49289255377541,0.535632582957306,114.52562749530219,1.8739621974071006,0
2025-02-06 03:00:00,57.85140305450417,0.6942961434844482,98.10846375162764,2.4843188879893603,0
2025-02-06 04:00:00,61.64514272913733,0.5783619830540829,110.87740200105102,5.777170578065206,0
2025-02-06 05:00:00,69.84122227580886,0.41548330021599617,72.84935316207972,8.492584401320183,0
2025-02-06 06:00:00,58.83882269338248,0.31369531431775244,105.90649363456062,8.410658065795218,0
2025-02-06 07:00:00,57.74613813353313,0.4758847507738347,125.98727511543439,6.689811845243417,0
2025-02-06 08:00:00,65.89197400788389,0.5624742026481505,89.56933801774356,6.758593051358865,0
2025-02-06 09:00:00,60.34066277849674,0.5958950107450239,113.73180281616047,5.9291138029743005,0
2025-02-06 10:00:00,64.33010532492301,0.3749525856396513,126.59475778145534,6.45019945739882,0
2025-02-06 11:00:00,67.3731556375756,0.5729421938350336,110.33810304473614,5.607515898201854,0
2025-02-06 12:00:00,50.46488056965087,0.6134686019927562,115.38110087712984,3.4004717444242027,0
2025-02-06 13:00:00,59.81210204275538,0.5608736896091873,76.45791320422273,8.426876018101144,0
2025-02-06 14:00:00,58.85098148342113,0.5415725509979787,85.97613877841734,7.67086345793917,0
2025-02-06 15:00:00,55.18834616277458,0.4867189391197524,121.44602899285105,3.4460203314988345,0
2025-02-06 16:00:00,50.40682954569631,0.4539997935888194,114.40525228535452,6.296958653394492,0
2025-02-06 17:00:00,52.042509229863285,0.5785546319898028,107.44031595281872,7.922484454492388,0
2025-02-06 18:00:00,60.52184390934709,0.5583346949741521,96.03082596647982,5.837360257728607,0
2025-02-06 19:00:00,57.329819853405844,0.4672862953361727,104.2693157130561,4.589285552242371,0
2025-02-06 20:00:00,55.99083206540114,0.754210634866988,126.07220137489209,7.8594614523847035,0
2025-02-06 21:00:00,60.4721368985738,0.3490201091516473,98.47146442336857,5.510680200181862,0
2025-02-06 22:00:00,56.539264748119635,0.47678687471976783,110.48876633243145,3.7442449219589506,0
2025-02-06 23:00:00,66.45090319389301,0.42286027845566054,110.0946994070454,2.699662319666415,0
2025-02-07 00:00:00,56.89557880406368,0.5384175881337664,90.01223615974519,-0.8621935274250774,0
2025-02-07 01:00:00,67.52660759986281,0.30510363617814246,91.16973034743647,8.946249331573078,0
2025-02-07 02:00:00,59.84992133976049,0.6269266272924928,122.90519891838989,3.3262968730252123,0
2025-02-07 03:00:00,56.74050203062478,0.6005450335078079,108.55194918276769,6.927889698159335,0
2025-02-07 04:00:00,56.377176212294074,0.5267354437426253,89.79486071350189,3.1592191443287345,0
2025-02-07 05:00:00,67.56897127565522,0.4689676084194603,95.33081074180696,5.333919228791587,0
2025-02-07 06:00:00,63.47916689977825,0.5716309850566015,85.21618268992665,5.899456951012223,0
2025-02-07 07:00:00,56.202909085432914,0.5328706398625092,115.99752488771563,2.5217439521954637,0
2025-02-07 08:00:00,60.59538284112305,0.5952016545329308,96.22349759394446,6.914073660272447,0
2025-02-07 09:00:00,48.206605956598295,0.48775471864622544,96.42331499275657,4.603524120694875,0
2025-02-07 10:00:00,53.34197840694002,0.48185257976439316,112.61377954795654,6.1052894289326165,0
2025-02-07 11:00:00,56.24855665412981,0.6077737417692206,74.80860070922931,7.909036471202649,0
2025-02-07 12:00:00,56.125913681997424,0.5633662021292409,99.4464573890685,6.479245933488166,0
2025-02-07 13:00:00,66.06507360040003,0.4825986884673843,99.83648204350929,4.8103460219060015,0
2025-02-07 14:00:00,50.42906663629598,0.5367838193398896,95.71587223916433,8.888097351375803,0
2025-02-07 15:00:00,52.860967354578136,0.5184814167612248,91.75693302133077,4.910697397742753,0
2025-02-07 16:00:00,62.26197241645185,0.5467203692827762,89.34911415069234,5.186265914784651,0
2025-02-07 17:00:00,61.15136156627535,0.6269450723423593,104.23675733897858,4.6727491024538255,0
2025-02-07 18:00:00,58.251145822093214,0.4650129596677062,84.84870311710687,2.5487940980884165,0
2025-02-07 19:00:00,70.2624446439845,0.43554470681090096,102.41777383377787,2.3284280752302706,0
2025-02-07 20:00:00,63.08703545933997,0.52737919252862,91.70642592443801,3.891595090094842,0
2025-02-07 21:00:00,66.11412352828052,0.4463446245862973,92.7039172026188,2.972533692869677,0
2025-02-07 22:00:00,59.745999407834425,0.4089081936452963,102.95486734175188,4.444659605827388,0
2025-02-07 23:00:00,57.28208928226595,0.5993551027312657,92.53613883033707,6.652323664018587,0
2025-02-08 00:00:00,57.33935311301123,0.4712793820216731,119.00566993793906,4.18186282735325,0
2025-02-08 01:00:00,64.63832455686268,0.31319371586923794,97.89900960583537,5.439924199630326,0
2025-02-08 02:00:00,63.86374168852355,0.5847415713150099,115.69972541262669,3.988187329138577,0
2025-02-08 03:00:00,58.906959337579394,0.45618484943792137,88.57108233918576,10.090071046807207,0
2025-02-08 04:00:00,62.3579202731451,0.5577832288639925,88.23847939747588,8.01646986316235,0
2025-02-08 05:00:00,64.81309027008608,0.6083441303347885,75.05416727679221,4.504785704164308,0
2025-02-08 06:00:00,57.18035260108856,0.5189647397011988,92.61763637811944,5.544398519507582,0
2025-02-08 07:00:00,58.283022626378525,0.2964520571448822,96.51091145516114,2.319231629807367,0
2025-02-08 08:00:00,62.23320250827693,0.3036329876138929,101.1554203126881,4.571186630502483,0
2025-02-08 09:00:00,51.05669871183663,0.4327591814205734,110.46026116957101,3.7992372189753283,0
2025-02-08 10:00:00,62.32796087697599,0.4943143400135233,109.37193084204253,6.485780659082348,0
2025-02-08 11:00:00,54.37475470226343,0.6200141587526418,117.0346190151221,3.13937685770867,0
2025-02-08 12:00:00,64.70826695470252,0.5291333643318799,86.69047949445702,8.315481100053917,0
2025-02-08 13:00:00,70.73892413620257,0.7617273338971958,100.46236306641347,4.869143811155626,0
2025-02-08 14:00:00,56.51415842591882,0.3508573262343974,84.99748672826883,3.2611691368947797,0
2025-02-08 15:00:00,53.25178132568748,0.5121291830900082,106.21351628952293,5.0643172391303635,0
2025-02-08 16:00:00,59.100456845992376,0.4554529113233128,127.06382705616839,6.473550817806335,0
2025-02-08 17:00:00,58.673701084401145,0.5234637995941335,82.0535769234819,6.040803525470715,0
2025-02-08 18:00:00,63.30361912229494,0.6751674453777894,110.31321571931836,5.313147497993473,0
2025-02-08 19:00:00,61.170306554471566,0.6814913935166349,115.72961063680965,6.755262942520534,0
2025-02-08 20:00:00,58.518348586756574,0.5054460369296444,86.60908043444078,6.632980685151861,0
2025-02-08 21:00:00,60.45306800862388,0.586151388816879,106.54492292354828,6.642964878343273,0
2025-02-08 22:00:00,54.389237924457376,0.5215550000645292,94.60100242778705,4.448658499016571,0
2025-02-08 23:00:00,64.14607521694133,0.39247060966695896,98.18251160795492,4.4347494409039765,0
2025-02-09 00:00:00,68.08980571477443,0.5014320402204859,94.10422156181879,4.585312346928008,0
2025-02-09 01:00:00,54.01201431110314,0.44948905845884907,96.62686933071151,4.011871428279291,0
2025-02-09 02:00:00,52.10373511283751,0.49372305755065893,117.33294664536187,5.21134945056168,0
2025-02-09 03:00:00,57.989557866260746,0.4147913115879706,98.81288291131249,4.988754831147479,0
2025-02-09 04:00:00,53.89264761438338,0.515514701868247,90.97496234338837,8.310136683652988,0
2025-02-09 05:00:00,53.61891158449424,0.530565025297689,101.03496341743727,3.990369269802606,0
2025-02-09 06:00:00,52.989907521760614,0.570425309502092,68.16799880988293,3.026584628571516,0
2025-02-09 07:00:00,59.031988019963,0.5309859944367681,87.74655867732791,6.291469894168543,0
2025-02-09 08:00:00,57.94288765171976,0.6634608848829265,118.72886704374028,5.143044088555561,0
2025-02-09 09:00:00,61.86628462067585,0.7192202440084337,97.81982028268392,3.627311426702048,0
2025-02-09 10:00:00,57.18492902543666,0.45954682597484076,92.82948981052377,6.564231209952772,0
2025-02-09 11:00:00,53.91678452229663,0.5970067788682524,102.5945471193374,4.442016199422685,0
2025-02-09 12:00:00,59.91558510042441,0.7114600177908337,111.04929899350856,8.048569721494957,0
2025-02-09 13:00:00,54.70721978827856,0.5996122660252315,119.93112145148874,3.0997101862870666,0
2025-02-09 14:00:00,62.56085559643596,0.5717323493926789,93.2346082207689,3.8383587063444597,0
2025-02-09 15:00:00,51.66888599580692,0.3178143098229634,93.57971116436947,5.255322699686899,0
2025-02-09 16:00:00,49.175570955439724,0.4441924067714105,96.65241638540697,7.715569104116143,0
2025-02-09 17:00:00,51.95113649832305,0.4587896050026761,115.43741241204441,3.57299645000561,0
2025-02-09 18:00:00,57.9084029002927,0.638719071318634,100.8556252701844,5.753011361954854,0
2025-02-09 19:00:00,58.56435071885065,0.4269390458618572,132.48819612086785,2.6720642772176144,0
2025-02-09 20:00:00,60.684708917340515,0.4914625320027307,97.58487750707948,6.833449728631676,0
2025-02-09 21:00:00,57.17648823001027,0.5840275454009759,126.45228411126617,3.696352642670845,0
2025-02-09 22:00:00,55.767460211148936,0.4224300650449765,86.60454247137221,6.237545479169613,0
2025-02-09 23:00:00,67.16637285313439,0.5279089685057341,79.15229400914122,6.340810978118903,0
2025-02-10 00:00:00,65.8444270928353,0.5148773404501092,98.47856660229766,1.3681360079603544,0
2025-02-10 01:00:00,64.93101215430762,0.5877110125251966,117.09080395774244,5.4186537029837405,0
2025-02-10 02:00:00,61.54448146634648,0.5658849141127243,92.84530916015893,3.9886232137830984,0
2025-02-10 03:00:00,86.22883455385622,0.5803317661868631,90.75194609307617,9.407288676421649,1
2025-02-10 04:00:00,55.97401057138945,0.5200785170391659,115.37522044172432,3.2518790352005693,0
2025-02-10 05:00:00,60.721791441127166,0.3324044029134152,110.57649605357105,3.837136592565713,0
2025-02-10 06:00:00,55.3006638998926,0.5139662127686495,88.11377272450179,7.396930346770441,0
2025-02-10 07:00:00,54.73363349689916,0.5055304185305223,87.23670549958315,7.2421527368980225,0
2025-02-10 08:00:00,51.91255110379213,0.5766544751771164,112.43938167012823,3.0117885315383552,0
2025-02-10 09:00:00,62.03035790980025,0.4577071654997271,75.52194125300528,8.592741549517353,0
2025-02-10 10:00:00,60.8183588111486,0.5041799084729497,116.19285274075254,-0.16411834152693672,0
2025-02-10 11:00:00,58.48557561059909,0.5073360988168876,110.37743186967603,5.429157852484297,0
2025-02-10 12:00:00,57.83096706456091,0.428744534601513,65.7863183768824,2.431098275434759,0
2025-02-10 13:00:00,50.849467556412044,0.38467223465885925,100.23352412218905,5.742758195234779,0
2025-02-10 14:00:00,61.281997796219194,0.5382540820495068,70.31697759789856,4.476712894198601,0
2025-02-10 15:00:00,58.42229968551821,0.6007763075651563,81.92366250454369,2.9647214963324418,0
2025-02-10 16:00:00,64.47998605206817,0.43750900375769197,92.45543483640058,3.525189308839649,0
2025-02-10 17:00:00,60.73105677948793,0.47822324754560386,80.98317153607519,3.4267400568915,0
2025-02-10 18:00:00,63.52891942602015,0.5829549220225154,133.2724135816634,5.152768815177892,0
2025-02-10 19:00:00,59.96379800702927,0.5926708473009714,112.96087080421268,6.949451201811456,0
2025-02-10 20:00:00,60.908389360777974,0.5231425468312308,120.51158564744591,8.917620136284508,0
2025-02-10 21:00:00,64.65563138843919,0.5414201599430056,97.89570237477726,4.658211603666272,0
2025-02-10 22:00:00,59.038053678307946,0.5532049838485837,100.45701110206006,5.597628449816294,0
2025-02-10 23:00:00,62.359274441007486,0.5711033980261726,123.71090563597775,7.3724314688048675,0
2025-02-11 00:00:00,74.47124995873044,0.48448092494746314,106.50598591042028,8.654275450107939,1
2025-02-11 01:00:00,59.3444654518775,0.69172103890413,109.18362702171665,3.4338305503301303,0
2025-02-11 02:00:00,67.9676199930474,0.5274003902442758,86.33230622284601,8.896850668264827,0
2025-02-11 03:00:00,63.20253340978547,0.5729832112840642,86.26282293736713,4.640464731343508,0
2025-02-11 04:00:00,57.292705456981764,0.423819575126487,103.9155997388036,5.434673695365093,0
2025-02-11 05:00:00,80.6572277128544,1.3408803050057747,105.59454005814361,6.090390317393228,1
2025-02-11 06:00:00,53.60009363187102,0.5376983700926595,85.04363313601982,3.9523747909819584,0
2025-02-11 07:00:00,58.89403892690384,0.3195592277502924,105.37685449341782,8.774277919984549,0
2025-02-11 08:00:00,55.23287849588748,0.409885994879813,81.67495596635177,5.92561291836371,0
2025-02-11 09:00:00,62.25953098816669,0.4274714521222903,100.20745299585545,4.942636682725373,0
2025-02-11 10:00:00,59.055342141659025,0.3721363295442208,78.43769056739244,7.7874311288362525,0
2025-02-11 11:00:00,61.41739237788254,0.5106082710258342,119.91985882275928,1.7098054917204388,0
2025-02-11 12:00:00,63.87089759271613,0.49259173379338106,95.33166822047832,4.170501366582304,0
2025-02-11 13:00:00,57.69892870461475,0.6423707310020774,89.59647235722957,9.549976827072928,0
2025-02-11 14:00:00,57.87757841732919,0.38793244324540044,82.81392575421923,4.900062418378934,0
2025-02-11 15:00:00,59.81481409700433,0.5234748378408183,81.3702196007776,4.886227700914878,0
